Generation type,Fuel,Year,Value
Major power producers [note 6][note 7],Coal,1996,"140,238"
Major power producers [note 6][note 7],Oil,1996,"11,132"
Major power producers [note 6][note 7],Gas,1996,"75,301"
Major power producers [note 6][note 7],Nuclear,1996,"94,671"
Major power producers [note 6][note 7],Hydro (natural flow),1996,"2,801"
Major power producers [note 6][note 7],Total wind,1996,0
Major power producers [note 6][note 7],Onshore wind,1996,0
Major power producers [note 6][note 7],Offshore wind,1996,0
Major power producers [note 6][note 7],Solar,1996,0
Major power producers [note 6][note 7],Thermal renewables [note 9],1996,536
Major power producers [note 6][note 7],Other fuels [note 10],1996,0
Major power producers [note 6][note 7],Energy storage,1996,"1,556"
Major power producers [note 6][note 7],Total major power producers,1996,"326,235"
Other generators,Coal,1996,"4,978"
Other generators,Oil,1996,"3,823"
Other generators,Gas,1996,"8,785"
Other generators,Hydro (natural flow),1996,592
Other generators,Total wind,1996,488
Other generators,Onshore wind,1996,488
Other generators,Offshore wind,1996,0
Other generators,Shoreline wave / tidal,1996,0
Other generators,Solar,1996,0
Other generators,Thermal renewables [note 9],1996,"1,685"
Other generators,Other fuels [note 10],1996,"4,283"
Other generators,Total other generators,1996,"24,632"
All generating companies,Coal,1996,"145,216"
All generating companies,Oil,1996,"14,955"
All generating companies,Gas,1996,"84,086"
All generating companies,Nuclear,1996,"94,671"
All generating companies,Hydro (natural flow),1996,"3,393"
All generating companies,Total wind,1996,488
All generating companies,Onshore wind,1996,488
All generating companies,Offshore wind,1996,0
All generating companies,Shoreline wave / tidal,1996,0
All generating companies,Solar,1996,0
All generating companies,Thermal renewables [note 9],1996,"2,221"
All generating companies,Other fuels [note 10],1996,"4,283"
All generating companies,Energy storage,1996,"1,556"
All generating companies,Total all generating companies,1996,"350,867"
All generating companies,Total renewable generation [note 13],1996,"6,102"
All generating companies,Total low carbon generation [note 14],1996,"100,773"
All generating companies,Total fossil fuel generation [note 15],1996,"244,257"
Major power producers [note 6][note 7],Coal,1997,"114,968"
Major power producers [note 6][note 7],Oil,1997,"5,267"
Major power producers [note 6][note 7],Gas,1997,"100,330"
Major power producers [note 6][note 7],Nuclear,1997,"98,146"
Major power producers [note 6][note 7],Hydro (natural flow),1997,"3,337"
Major power producers [note 6][note 7],Total wind,1997,0
Major power producers [note 6][note 7],Onshore wind,1997,0
Major power producers [note 6][note 7],Offshore wind,1997,0
Major power producers [note 6][note 7],Solar,1997,0
Major power producers [note 6][note 7],Thermal renewables [note 9],1997,599
Major power producers [note 6][note 7],Other fuels [note 10],1997,0
Major power producers [note 6][note 7],Energy storage,1997,"1,486"
Major power producers [note 6][note 7],Total major power producers,1997,"324,133"
Other generators,Coal,1997,"4,750"
Other generators,Oil,1997,"3,419"
Other generators,Gas,1997,"10,633"
Other generators,Hydro (natural flow),1997,832
Other generators,Total wind,1997,667
Other generators,Onshore wind,1997,667
Other generators,Offshore wind,1997,0
Other generators,Shoreline wave / tidal,1997,0
Other generators,Solar,1997,0
Other generators,Thermal renewables [note 9],1997,"1,994"
Other generators,Other fuels [note 10],1997,"4,239"
Other generators,Total other generators,1997,"26,534"
All generating companies,Coal,1997,"119,718"
All generating companies,Oil,1997,"8,686"
All generating companies,Gas,1997,"110,963"
All generating companies,Nuclear,1997,"98,146"
All generating companies,Hydro (natural flow),1997,"4,169"
All generating companies,Total wind,1997,667
All generating companies,Onshore wind,1997,667
All generating companies,Offshore wind,1997,0
All generating companies,Shoreline wave / tidal,1997,0
All generating companies,Solar,1997,0
All generating companies,Thermal renewables [note 9],1997,"2,593"
All generating companies,Other fuels [note 10],1997,"4,239"
All generating companies,Energy storage,1997,"1,486"
All generating companies,Total all generating companies,1997,"350,667"
All generating companies,Total renewable generation [note 13],1997,"7,429"
All generating companies,Total low carbon generation [note 14],1997,"105,575"
All generating companies,Total fossil fuel generation [note 15],1997,"239,367"
Major power producers [note 6][note 7],Coal,1998,"118,595"
Major power producers [note 6][note 7],Oil,1998,"3,442"
Major power producers [note 6][note 7],Gas,1998,"105,804"
Major power producers [note 6][note 7],Nuclear,1998,"99,486"
Major power producers [note 6][note 7],Hydro (natural flow),1998,"4,237"
Major power producers [note 6][note 7],Total wind,1998,0
Major power producers [note 6][note 7],Onshore wind,1998,0
Major power producers [note 6][note 7],Offshore wind,1998,0
Major power producers [note 6][note 7],Solar,1998,0
Major power producers [note 6][note 7],Thermal renewables [note 9],1998,576
Major power producers [note 6][note 7],Other fuels [note 10],1998,0
Major power producers [note 6][note 7],Energy storage,1998,"1,624"
Major power producers [note 6][note 7],Total major power producers,1998,"333,764"
Other generators,Coal,1998,"4,376"
Other generators,Oil,1998,"3,913"
Other generators,Gas,1998,"11,994"
Other generators,Hydro (natural flow),1998,881
Other generators,Total wind,1998,877
Other generators,Onshore wind,1998,877
Other generators,Offshore wind,1998,0
Other generators,Shoreline wave / tidal,1998,0
Other generators,Solar,1998,0
Other generators,Thermal renewables [note 9],1998,"2,661"
Other generators,Other fuels [note 10],1998,"4,236"
Other generators,Total other generators,1998,"28,938"
All generating companies,Coal,1998,"122,971"
All generating companies,Oil,1998,"7,355"
All generating companies,Gas,1998,"117,798"
All generating companies,Nuclear,1998,"99,486"
All generating companies,Hydro (natural flow),1998,"5,118"
All generating companies,Total wind,1998,877
All generating companies,Onshore wind,1998,877
All generating companies,Offshore wind,1998,0
All generating companies,Shoreline wave / tidal,1998,0
All generating companies,Solar,1998,0
All generating companies,Thermal renewables [note 9],1998,"3,237"
All generating companies,Other fuels [note 10],1998,"4,236"
All generating companies,Energy storage,1998,"1,624"
All generating companies,Total all generating companies,1998,"362,702"
All generating companies,Total renewable generation [note 13],1998,"9,232"
All generating companies,Total low carbon generation [note 14],1998,"108,718"
All generating companies,Total fossil fuel generation [note 15],1998,"248,124"
Major power producers [note 6][note 7],Coal,1999,"102,074"
Major power producers [note 6][note 7],Oil,1999,"2,943"
Major power producers [note 6][note 7],Gas,1999,"128,365"
Major power producers [note 6][note 7],Nuclear,1999,"95,133"
Major power producers [note 6][note 7],Hydro (natural flow),1999,"4,431"
Major power producers [note 6][note 7],Total wind,1999,0
Major power producers [note 6][note 7],Onshore wind,1999,0
Major power producers [note 6][note 7],Offshore wind,1999,0
Major power producers [note 6][note 7],Solar,1999,0
Major power producers [note 6][note 7],Thermal renewables [note 9],1999,761
Major power producers [note 6][note 7],Other fuels [note 10],1999,0
Major power producers [note 6][note 7],Energy storage,1999,"2,902"
Major power producers [note 6][note 7],Total major power producers,1999,"336,609"
Other generators,Coal,1999,"4,106"
Other generators,Oil,1999,"3,606"
Other generators,Gas,1999,"14,537"
Other generators,Hydro (natural flow),1999,905
Other generators,Total wind,1999,850
Other generators,Onshore wind,1999,850
Other generators,Offshore wind,1999,0
Other generators,Shoreline wave / tidal,1999,0
Other generators,Solar,1999,1
Other generators,Thermal renewables [note 9],1999,"3,227"
Other generators,Other fuels [note 10],1999,"4,312"
Other generators,Total other generators,1999,"31,544"
All generating companies,Coal,1999,"106,180"
All generating companies,Oil,1999,"6,549"
All generating companies,Gas,1999,"142,902"
All generating companies,Nuclear,1999,"95,133"
All generating companies,Hydro (natural flow),1999,"5,336"
All generating companies,Total wind,1999,850
All generating companies,Onshore wind,1999,850
All generating companies,Offshore wind,1999,0
All generating companies,Shoreline wave / tidal,1999,0
All generating companies,Solar,1999,1
All generating companies,Thermal renewables [note 9],1999,"3,988"
All generating companies,Other fuels [note 10],1999,"4,312"
All generating companies,Energy storage,1999,"2,902"
All generating companies,Total all generating companies,1999,"368,153"
All generating companies,Total renewable generation [note 13],1999,"10,175"
All generating companies,Total low carbon generation [note 14],1999,"105,308"
All generating companies,Total fossil fuel generation [note 15],1999,"255,631"
Major power producers [note 6][note 7],Coal,2000,"117,025"
Major power producers [note 6][note 7],Oil,2000,"2,415"
Major power producers [note 6][note 7],Gas,2000,"129,558"
Major power producers [note 6][note 7],Nuclear,2000,"85,063"
Major power producers [note 6][note 7],Hydro (natural flow),2000,"4,331"
Major power producers [note 6][note 7],Total wind,2000,0
Major power producers [note 6][note 7],Onshore wind,2000,0
Major power producers [note 6][note 7],Offshore wind,2000,0
Major power producers [note 6][note 7],Solar,2000,0
Major power producers [note 6][note 7],Thermal renewables [note 9],2000,698
Major power producers [note 6][note 7],Other fuels [note 10],2000,0
Major power producers [note 6][note 7],Energy storage,2000,"2,694"
Major power producers [note 6][note 7],Total major power producers,2000,"341,784"
Other generators,Coal,2000,"2,925"
Other generators,Oil,2000,"4,109"
Other generators,Gas,2000,"18,519"
Other generators,Hydro (natural flow),2000,755
Other generators,Total wind,2000,946
Other generators,Onshore wind,2000,945
Other generators,Offshore wind,2000,1
Other generators,Shoreline wave / tidal,2000,0
Other generators,Solar,2000,1
Other generators,Thermal renewables [note 9],2000,"3,630"
Other generators,Other fuels [note 10],2000,"4,401"
Other generators,Total other generators,2000,"35,286"
All generating companies,Coal,2000,"119,950"
All generating companies,Oil,2000,"6,524"
All generating companies,Gas,2000,"148,077"
All generating companies,Nuclear,2000,"85,063"
All generating companies,Hydro (natural flow),2000,"5,086"
All generating companies,Total wind,2000,946
All generating companies,Onshore wind,2000,945
All generating companies,Offshore wind,2000,1
All generating companies,Shoreline wave / tidal,2000,0
All generating companies,Solar,2000,1
All generating companies,Thermal renewables [note 9],2000,"4,328"
All generating companies,Other fuels [note 10],2000,"4,401"
All generating companies,Energy storage,2000,"2,694"
All generating companies,Total all generating companies,2000,"377,070"
All generating companies,Total renewable generation [note 13],2000,"10,361"
All generating companies,Total low carbon generation [note 14],2000,"95,424"
All generating companies,Total fossil fuel generation [note 15],2000,"274,551"
Major power producers [note 6][note 7],Coal,2001,"127,128"
Major power producers [note 6][note 7],Oil,2001,"2,472"
Major power producers [note 6][note 7],Gas,2001,"126,999"
Major power producers [note 6][note 7],Nuclear,2001,"90,093"
Major power producers [note 6][note 7],Hydro (natural flow),2001,"3,215"
Major power producers [note 6][note 7],Total wind,2001,0
Major power producers [note 6][note 7],Onshore wind,2001,0
Major power producers [note 6][note 7],Offshore wind,2001,0
Major power producers [note 6][note 7],Solar,2001,0
Major power producers [note 6][note 7],Thermal renewables [note 9],2001,738
Major power producers [note 6][note 7],Other fuels [note 10],2001,0
Major power producers [note 6][note 7],Energy storage,2001,"2,422"
Major power producers [note 6][note 7],Total major power producers,2001,"353,067"
Other generators,Coal,2001,"4,333"
Other generators,Oil,2001,"2,781"
Other generators,Gas,2001,"14,906"
Other generators,Hydro (natural flow),2001,840
Other generators,Total wind,2001,965
Other generators,Onshore wind,2001,960
Other generators,Offshore wind,2001,5
Other generators,Shoreline wave / tidal,2001,0
Other generators,Solar,2001,2
Other generators,Thermal renewables [note 9],2001,"4,316"
Other generators,Other fuels [note 10],2001,"3,577"
Other generators,Total other generators,2001,"31,720"
All generating companies,Coal,2001,"131,461"
All generating companies,Oil,2001,"5,253"
All generating companies,Gas,2001,"141,905"
All generating companies,Nuclear,2001,"90,093"
All generating companies,Hydro (natural flow),2001,"4,055"
All generating companies,Total wind,2001,965
All generating companies,Onshore wind,2001,960
All generating companies,Offshore wind,2001,5
All generating companies,Shoreline wave / tidal,2001,0
All generating companies,Solar,2001,2
All generating companies,Thermal renewables [note 9],2001,"5,054"
All generating companies,Other fuels [note 10],2001,"3,577"
All generating companies,Energy storage,2001,"2,422"
All generating companies,Total all generating companies,2001,"384,787"
All generating companies,Total renewable generation [note 13],2001,"10,076"
All generating companies,Total low carbon generation [note 14],2001,"100,169"
All generating companies,Total fossil fuel generation [note 15],2001,"278,619"
Major power producers [note 6][note 7],Coal,2002,"120,958"
Major power producers [note 6][note 7],Oil,2002,"2,011"
Major power producers [note 6][note 7],Gas,2002,"135,741"
Major power producers [note 6][note 7],Nuclear,2002,"87,848"
Major power producers [note 6][note 7],Hydro (natural flow),2002,"3,927"
Major power producers [note 6][note 7],Total wind,2002,0
Major power producers [note 6][note 7],Onshore wind,2002,0
Major power producers [note 6][note 7],Offshore wind,2002,0
Major power producers [note 6][note 7],Solar,2002,0
Major power producers [note 6][note 7],Thermal renewables [note 9],2002,856
Major power producers [note 6][note 7],Other fuels [note 10],2002,0
Major power producers [note 6][note 7],Energy storage,2002,"2,652"
Major power producers [note 6][note 7],Total major power producers,2002,"353,993"
Other generators,Coal,2002,"3,321"
Other generators,Oil,2002,"2,788"
Other generators,Gas,2002,"16,536"
Other generators,Hydro (natural flow),2002,860
Other generators,Total wind,2002,"1,256"
Other generators,Onshore wind,2002,"1,251"
Other generators,Offshore wind,2002,5
Other generators,Shoreline wave / tidal,2002,0
Other generators,Solar,2002,3
Other generators,Thermal renewables [note 9],2002,"4,769"
Other generators,Other fuels [note 10],2002,"3,719"
Other generators,Total other generators,2002,"33,252"
All generating companies,Coal,2002,"124,279"
All generating companies,Oil,2002,"4,799"
All generating companies,Gas,2002,"152,277"
All generating companies,Nuclear,2002,"87,848"
All generating companies,Hydro (natural flow),2002,"4,787"
All generating companies,Total wind,2002,"1,256"
All generating companies,Onshore wind,2002,"1,251"
All generating companies,Offshore wind,2002,5
All generating companies,Shoreline wave / tidal,2002,0
All generating companies,Solar,2002,3
All generating companies,Thermal renewables [note 9],2002,"5,625"
All generating companies,Other fuels [note 10],2002,"3,719"
All generating companies,Energy storage,2002,"2,652"
All generating companies,Total all generating companies,2002,"387,245"
All generating companies,Total renewable generation [note 13],2002,"11,671"
All generating companies,Total low carbon generation [note 14],2002,"99,519"
All generating companies,Total fossil fuel generation [note 15],2002,"281,355"
Major power producers [note 6][note 7],Coal,2003,"134,023"
Major power producers [note 6][note 7],Oil,2003,"2,197"
Major power producers [note 6][note 7],Gas,2003,"131,238"
Major power producers [note 6][note 7],Nuclear,2003,"88,686"
Major power producers [note 6][note 7],Hydro (natural flow),2003,"2,568"
Major power producers [note 6][note 7],Total wind,2003,0
Major power producers [note 6][note 7],Onshore wind,2003,0
Major power producers [note 6][note 7],Offshore wind,2003,0
Major power producers [note 6][note 7],Solar,2003,0
Major power producers [note 6][note 7],Thermal renewables [note 9],2003,"1,154"
Major power producers [note 6][note 7],Other fuels [note 10],2003,0
Major power producers [note 6][note 7],Energy storage,2003,"2,734"
Major power producers [note 6][note 7],Total major power producers,2003,"362,600"
Other generators,Coal,2003,"4,282"
Other generators,Oil,2003,"2,397"
Other generators,Gas,2003,"17,643"
Other generators,Hydro (natural flow),2003,660
Other generators,Total wind,2003,"1,285"
Other generators,Onshore wind,2003,"1,276"
Other generators,Offshore wind,2003,10
Other generators,Shoreline wave / tidal,2003,0
Other generators,Solar,2003,3
Other generators,Thermal renewables [note 9],2003,"5,537"
Other generators,Other fuels [note 10],2003,"3,800"
Other generators,Total other generators,2003,"35,607"
All generating companies,Coal,2003,"138,305"
All generating companies,Oil,2003,"4,594"
All generating companies,Gas,2003,"148,881"
All generating companies,Nuclear,2003,"88,686"
All generating companies,Hydro (natural flow),2003,"3,228"
All generating companies,Total wind,2003,"1,285"
All generating companies,Onshore wind,2003,"1,276"
All generating companies,Offshore wind,2003,10
All generating companies,Shoreline wave / tidal,2003,0
All generating companies,Solar,2003,3
All generating companies,Thermal renewables [note 9],2003,"6,691"
All generating companies,Other fuels [note 10],2003,"3,800"
All generating companies,Energy storage,2003,"2,734"
All generating companies,Total all generating companies,2003,"398,207"
All generating companies,Total renewable generation [note 13],2003,"11,207"
All generating companies,Total low carbon generation [note 14],2003,"99,893"
All generating companies,Total fossil fuel generation [note 15],2003,"291,780"
Major power producers [note 6][note 7],Coal,2004,"127,827"
Major power producers [note 6][note 7],Oil,2004,"1,883"
Major power producers [note 6][note 7],Gas,2004,"140,577"
Major power producers [note 6][note 7],Nuclear,2004,"79,999"
Major power producers [note 6][note 7],Hydro (natural flow),2004,"3,908"
Major power producers [note 6][note 7],Total wind,2004,0
Major power producers [note 6][note 7],Onshore wind,2004,0
Major power producers [note 6][note 7],Offshore wind,2004,0
Major power producers [note 6][note 7],Solar,2004,0
Major power producers [note 6][note 7],Thermal renewables [note 9],2004,"1,471"
Major power producers [note 6][note 7],Other fuels [note 10],2004,0
Major power producers [note 6][note 7],Energy storage,2004,"2,649"
Major power producers [note 6][note 7],Total major power producers,2004,"358,313"
Other generators,Coal,2004,"3,961"
Other generators,Oil,2004,"2,761"
Other generators,Gas,2004,"16,487"
Other generators,Hydro (natural flow),2004,936
Other generators,Total wind,2004,"1,935"
Other generators,Onshore wind,2004,"1,736"
Other generators,Offshore wind,2004,199
Other generators,Shoreline wave / tidal,2004,0
Other generators,Solar,2004,4
Other generators,Thermal renewables [note 9],2004,"6,469"
Other generators,Other fuels [note 10],2004,"3,062"
Other generators,Total other generators,2004,"35,616"
All generating companies,Coal,2004,"131,788"
All generating companies,Oil,2004,"4,644"
All generating companies,Gas,2004,"157,064"
All generating companies,Nuclear,2004,"79,999"
All generating companies,Hydro (natural flow),2004,"4,844"
All generating companies,Total wind,2004,"1,935"
All generating companies,Onshore wind,2004,"1,736"
All generating companies,Offshore wind,2004,199
All generating companies,Shoreline wave / tidal,2004,0
All generating companies,Solar,2004,4
All generating companies,Thermal renewables [note 9],2004,"7,940"
All generating companies,Other fuels [note 10],2004,"3,062"
All generating companies,Energy storage,2004,"2,649"
All generating companies,Total all generating companies,2004,"393,929"
All generating companies,Total renewable generation [note 13],2004,"14,723"
All generating companies,Total low carbon generation [note 14],2004,"94,722"
All generating companies,Total fossil fuel generation [note 15],2004,"293,496"
Major power producers [note 6][note 7],Coal,2005,"130,690"
Major power producers [note 6][note 7],Oil,2005,"2,921"
Major power producers [note 6][note 7],Gas,2005,"137,483"
Major power producers [note 6][note 7],Nuclear,2005,"81,618"
Major power producers [note 6][note 7],Hydro (natural flow),2005,"3,826"
Major power producers [note 6][note 7],Total wind,2005,0
Major power producers [note 6][note 7],Onshore wind,2005,0
Major power producers [note 6][note 7],Offshore wind,2005,0
Major power producers [note 6][note 7],Solar,2005,0
Major power producers [note 6][note 7],Thermal renewables [note 9],2005,"2,744"
Major power producers [note 6][note 7],Other fuels [note 10],2005,0
Major power producers [note 6][note 7],Energy storage,2005,"2,930"
Major power producers [note 6][note 7],Total major power producers,2005,"362,212"
Other generators,Coal,2005,"3,947"
Other generators,Oil,2005,"2,417"
Other generators,Gas,2005,"15,159"
Other generators,Hydro (natural flow),2005,"1,096"
Other generators,Total wind,2005,"2,904"
Other generators,Onshore wind,2005,"2,501"
Other generators,Offshore wind,2005,403
Other generators,Shoreline wave / tidal,2005,0
Other generators,Solar,2005,8
Other generators,Thermal renewables [note 9],2005,"6,941"
Other generators,Other fuels [note 10],2005,"3,676"
Other generators,Total other generators,2005,"36,148"
All generating companies,Coal,2005,"134,637"
All generating companies,Oil,2005,"5,338"
All generating companies,Gas,2005,"152,642"
All generating companies,Nuclear,2005,"81,618"
All generating companies,Hydro (natural flow),2005,"4,922"
All generating companies,Total wind,2005,"2,904"
All generating companies,Onshore wind,2005,"2,501"
All generating companies,Offshore wind,2005,403
All generating companies,Shoreline wave / tidal,2005,0
All generating companies,Solar,2005,8
All generating companies,Thermal renewables [note 9],2005,"9,685"
All generating companies,Other fuels [note 10],2005,"3,676"
All generating companies,Energy storage,2005,"2,930"
All generating companies,Total all generating companies,2005,"398,360"
All generating companies,Total renewable generation [note 13],2005,"17,519"
All generating companies,Total low carbon generation [note 14],2005,"99,137"
All generating companies,Total fossil fuel generation [note 15],2005,"292,617"
Major power producers [note 6][note 7],Coal,2006,"144,947"
Major power producers [note 6][note 7],Oil,2006,"3,723"
Major power producers [note 6][note 7],Gas,2006,"126,637"
Major power producers [note 6][note 7],Nuclear,2006,"75,451"
Major power producers [note 6][note 7],Hydro (natural flow),2006,"3,693"
Major power producers [note 6][note 7],Total wind,2006,0
Major power producers [note 6][note 7],Onshore wind,2006,0
Major power producers [note 6][note 7],Offshore wind,2006,0
Major power producers [note 6][note 7],Solar,2006,0
Major power producers [note 6][note 7],Thermal renewables [note 9],2006,"2,928"
Major power producers [note 6][note 7],Other fuels [note 10],2006,0
Major power producers [note 6][note 7],Energy storage,2006,"3,853"
Major power producers [note 6][note 7],Total major power producers,2006,"361,232"
Other generators,Coal,2006,"3,903"
Other generators,Oil,2006,"2,450"
Other generators,Gas,2006,"14,191"
Other generators,Hydro (natural flow),2006,900
Other generators,Total wind,2006,"4,225"
Other generators,Onshore wind,2006,"3,574"
Other generators,Offshore wind,2006,651
Other generators,Shoreline wave / tidal,2006,0
Other generators,Solar,2006,11
Other generators,Thermal renewables [note 9],2006,"6,999"
Other generators,Other fuels [note 10],2006,"3,371"
Other generators,Total other generators,2006,"36,050"
All generating companies,Coal,2006,"148,850"
All generating companies,Oil,2006,"6,173"
All generating companies,Gas,2006,"140,828"
All generating companies,Nuclear,2006,"75,451"
All generating companies,Hydro (natural flow),2006,"4,593"
All generating companies,Total wind,2006,"4,225"
All generating companies,Onshore wind,2006,"3,574"
All generating companies,Offshore wind,2006,651
All generating companies,Shoreline wave / tidal,2006,0
All generating companies,Solar,2006,11
All generating companies,Thermal renewables [note 9],2006,"9,928"
All generating companies,Other fuels [note 10],2006,"3,371"
All generating companies,Energy storage,2006,"3,853"
All generating companies,Total all generating companies,2006,"397,282"
All generating companies,Total renewable generation [note 13],2006,"18,757"
All generating companies,Total low carbon generation [note 14],2006,"94,207"
All generating companies,Total fossil fuel generation [note 15],2006,"295,851"
Major power producers [note 6][note 7],Coal,2007,"132,074"
Major power producers [note 6][note 7],Oil,2007,"2,955"
Major power producers [note 6][note 7],Gas,2007,"149,346"
Major power producers [note 6][note 7],Nuclear,2007,"63,028"
Major power producers [note 6][note 7],Hydro (natural flow),2007,"4,144"
Major power producers [note 6][note 7],Total wind,2007,"3,569"
Major power producers [note 6][note 7],Onshore wind,2007,"2,865"
Major power producers [note 6][note 7],Offshore wind,2007,704
Major power producers [note 6][note 7],Solar,2007,0
Major power producers [note 6][note 7],Thermal renewables [note 9],2007,"2,341"
Major power producers [note 6][note 7],Other fuels [note 10],2007,0
Major power producers [note 6][note 7],Energy storage,2007,"3,859"
Major power producers [note 6][note 7],Total major power producers,2007,"361,317"
Other generators,Coal,2007,"3,870"
Other generators,Oil,2007,"2,093"
Other generators,Gas,2007,"16,447"
Other generators,Hydro (natural flow),2007,933
Other generators,Total wind,2007,"1,705"
Other generators,Onshore wind,2007,"1,626"
Other generators,Offshore wind,2007,79
Other generators,Shoreline wave / tidal,2007,0
Other generators,Solar,2007,14
Other generators,Thermal renewables [note 9],2007,"6,983"
Other generators,Other fuels [note 10],2007,"3,467"
Other generators,Total other generators,2007,"35,513"
All generating companies,Coal,2007,"135,944"
All generating companies,Oil,2007,"5,048"
All generating companies,Gas,2007,"165,793"
All generating companies,Nuclear,2007,"63,028"
All generating companies,Hydro (natural flow),2007,"5,077"
All generating companies,Total wind,2007,"5,274"
All generating companies,Onshore wind,2007,"4,491"
All generating companies,Offshore wind,2007,783
All generating companies,Shoreline wave / tidal,2007,0
All generating companies,Solar,2007,14
All generating companies,Thermal renewables [note 9],2007,"9,325"
All generating companies,Other fuels [note 10],2007,"3,467"
All generating companies,Energy storage,2007,"3,859"
All generating companies,Total all generating companies,2007,"396,830"
All generating companies,Total renewable generation [note 13],2007,"19,690"
All generating companies,Total low carbon generation [note 14],2007,"82,718"
All generating companies,Total fossil fuel generation [note 15],2007,"306,785"
Major power producers [note 6][note 7],Coal,2008,"120,305"
Major power producers [note 6][note 7],Oil,2008,"4,557"
Major power producers [note 6][note 7],Gas,2008,"161,583"
Major power producers [note 6][note 7],Nuclear,2008,"52,486"
Major power producers [note 6][note 7],Hydro (natural flow),2008,"4,224"
Major power producers [note 6][note 7],Total wind,2008,"5,388"
Major power producers [note 6][note 7],Onshore wind,2008,"4,325"
Major power producers [note 6][note 7],Offshore wind,2008,"1,062"
Major power producers [note 6][note 7],Solar,2008,0
Major power producers [note 6][note 7],Thermal renewables [note 9],2008,"2,608"
Major power producers [note 6][note 7],Other fuels [note 10],2008,0
Major power producers [note 6][note 7],Energy storage,2008,"4,089"
Major power producers [note 6][note 7],Total major power producers,2008,"355,239"
Other generators,Coal,2008,"4,077"
Other generators,Oil,2008,"2,152"
Other generators,Gas,2008,"14,636"
Other generators,Hydro (natural flow),2008,921
Other generators,Total wind,2008,"1,736"
Other generators,Onshore wind,2008,"1,463"
Other generators,Offshore wind,2008,273
Other generators,Shoreline wave / tidal,2008,0
Other generators,Solar,2008,17
Other generators,Thermal renewables [note 9],2008,"6,926"
Other generators,Other fuels [note 10],2008,"3,188"
Other generators,Total other generators,2008,"33,653"
All generating companies,Coal,2008,"124,381"
All generating companies,Oil,2008,"6,709"
All generating companies,Gas,2008,"176,219"
All generating companies,Nuclear,2008,"52,486"
All generating companies,Hydro (natural flow),2008,"5,145"
All generating companies,Total wind,2008,"7,123"
All generating companies,Onshore wind,2008,"5,788"
All generating companies,Offshore wind,2008,"1,335"
All generating companies,Shoreline wave / tidal,2008,0
All generating companies,Solar,2008,17
All generating companies,Thermal renewables [note 9],2008,"9,535"
All generating companies,Other fuels [note 10],2008,"3,188"
All generating companies,Energy storage,2008,"4,089"
All generating companies,Total all generating companies,2008,"388,892"
All generating companies,Total renewable generation [note 13],2008,"21,820"
All generating companies,Total low carbon generation [note 14],2008,"74,306"
All generating companies,Total fossil fuel generation [note 15],2008,"307,309"
Major power producers [note 6][note 7],Coal,2009,"99,287"
Major power producers [note 6][note 7],Oil,2009,"3,839"
Major power producers [note 6][note 7],Gas,2009,"152,598"
Major power producers [note 6][note 7],Nuclear,2009,"69,098"
Major power producers [note 6][note 7],Hydro (natural flow),2009,"4,294"
Major power producers [note 6][note 7],Total wind,2009,"6,540"
Major power producers [note 6][note 7],Onshore wind,2009,"5,087"
Major power producers [note 6][note 7],Offshore wind,2009,"1,453"
Major power producers [note 6][note 7],Solar,2009,0
Major power producers [note 6][note 7],Thermal renewables [note 9],2009,"2,670"
Major power producers [note 6][note 7],Other fuels [note 10],2009,0
Major power producers [note 6][note 7],Energy storage,2009,"3,685"
Major power producers [note 6][note 7],Total major power producers,2009,"342,011"
Other generators,Coal,2009,"3,751"
Other generators,Oil,2009,"2,155"
Other generators,Gas,2009,"13,901"
Other generators,Hydro (natural flow),2009,936
Other generators,Total wind,2009,"2,743"
Other generators,Onshore wind,2009,"2,442"
Other generators,Offshore wind,2009,301
Other generators,Shoreline wave / tidal,2009,1
Other generators,Solar,2009,20
Other generators,Thermal renewables [note 9],2009,"8,004"
Other generators,Other fuels [note 10],2009,"3,196"
Other generators,Total other generators,2009,"34,707"
All generating companies,Coal,2009,"103,038"
All generating companies,Oil,2009,"5,995"
All generating companies,Gas,2009,"166,499"
All generating companies,Nuclear,2009,"69,098"
All generating companies,Hydro (natural flow),2009,"5,231"
All generating companies,Total wind,2009,"9,283"
All generating companies,Onshore wind,2009,"7,529"
All generating companies,Offshore wind,2009,"1,754"
All generating companies,Shoreline wave / tidal,2009,1
All generating companies,Solar,2009,20
All generating companies,Thermal renewables [note 9],2009,"10,674"
All generating companies,Other fuels [note 10],2009,"3,196"
All generating companies,Energy storage,2009,"3,685"
All generating companies,Total all generating companies,2009,"376,718"
All generating companies,Total renewable generation [note 13],2009,"25,208"
All generating companies,Total low carbon generation [note 14],2009,"94,306"
All generating companies,Total fossil fuel generation [note 15],2009,"275,531"
Major power producers [note 6][note 7],Coal,2010,"103,841"
Major power producers [note 6][note 7],Oil,2010,"2,273"
Major power producers [note 6][note 7],Gas,2010,"161,748"
Major power producers [note 6][note 7],Nuclear,2010,"62,140"
Major power producers [note 6][note 7],Hydro (natural flow),2010,"2,703"
Major power producers [note 6][note 7],Total wind,2010,"7,970"
Major power producers [note 6][note 7],Onshore wind,2010,"4,910"
Major power producers [note 6][note 7],Offshore wind,2010,"3,060"
Major power producers [note 6][note 7],Solar,2010,0
Major power producers [note 6][note 7],Thermal renewables [note 9],2010,"3,783"
Major power producers [note 6][note 7],Other fuels [note 10],2010,0
Major power producers [note 6][note 7],Energy storage,2010,"3,150"
Major power producers [note 6][note 7],Total major power producers,2010,"347,607"
Other generators,Coal,2010,"3,753"
Other generators,Oil,2010,"2,532"
Other generators,Gas,2010,"13,906"
Other generators,Hydro (natural flow),2010,888
Other generators,Total wind,2010,"2,316"
Other generators,Onshore wind,2010,"2,316"
Other generators,Offshore wind,2010,0
Other generators,Shoreline wave / tidal,2010,2
Other generators,Solar,2010,40
Other generators,Thermal renewables [note 9],2010,"8,478"
Other generators,Other fuels [note 10],2010,"2,545"
Other generators,Total other generators,2010,"34,461"
All generating companies,Coal,2010,"107,594"
All generating companies,Oil,2010,"4,805"
All generating companies,Gas,2010,"175,653"
All generating companies,Nuclear,2010,"62,140"
All generating companies,Hydro (natural flow),2010,"3,591"
All generating companies,Total wind,2010,"10,286"
All generating companies,Onshore wind,2010,"7,226"
All generating companies,Offshore wind,2010,"3,060"
All generating companies,Shoreline wave / tidal,2010,2
All generating companies,Solar,2010,40
All generating companies,Thermal renewables [note 9],2010,"12,261"
All generating companies,Other fuels [note 10],2010,"2,545"
All generating companies,Energy storage,2010,"3,150"
All generating companies,Total all generating companies,2010,"382,068"
All generating companies,Total renewable generation [note 13],2010,"26,180"
All generating companies,Total low carbon generation [note 14],2010,"88,320"
All generating companies,Total fossil fuel generation [note 15],2010,"288,053"
Major power producers [note 6][note 7],Coal,2011,"104,668"
Major power producers [note 6][note 7],Oil,2011,"1,075"
Major power producers [note 6][note 7],Gas,2011,"132,753"
Major power producers [note 6][note 7],Nuclear,2011,"68,980"
Major power producers [note 6][note 7],Hydro (natural flow),2011,"4,594"
Major power producers [note 6][note 7],Total wind,2011,"12,918"
Major power producers [note 6][note 7],Onshore wind,2011,"7,769"
Major power producers [note 6][note 7],Offshore wind,2011,"5,149"
Major power producers [note 6][note 7],Solar,2011,0
Major power producers [note 6][note 7],Thermal renewables [note 9],2011,"4,646"
Major power producers [note 6][note 7],Other fuels [note 10],2011,0
Major power producers [note 6][note 7],Energy storage,2011,"2,906"
Major power producers [note 6][note 7],Total major power producers,2011,"332,539"
Other generators,Coal,2011,"3,774"
Other generators,Oil,2011,"2,044"
Other generators,Gas,2011,"13,746"
Other generators,Hydro (natural flow),2011,"1,098"
Other generators,Total wind,2011,"3,045"
Other generators,Onshore wind,2011,"3,045"
Other generators,Offshore wind,2011,0
Other generators,Shoreline wave / tidal,2011,1
Other generators,Solar,2011,244
Other generators,Thermal renewables [note 9],2011,"8,668"
Other generators,Other fuels [note 10],2011,"2,823"
Other generators,Total other generators,2011,"35,443"
All generating companies,Coal,2011,"108,442"
All generating companies,Oil,2011,"3,119"
All generating companies,Gas,2011,"146,499"
All generating companies,Nuclear,2011,"68,980"
All generating companies,Hydro (natural flow),2011,"5,692"
All generating companies,Total wind,2011,"15,963"
All generating companies,Onshore wind,2011,"10,814"
All generating companies,Offshore wind,2011,"5,149"
All generating companies,Shoreline wave / tidal,2011,1
All generating companies,Solar,2011,244
All generating companies,Thermal renewables [note 9],2011,"13,313"
All generating companies,Other fuels [note 10],2011,"2,823"
All generating companies,Energy storage,2011,"2,906"
All generating companies,Total all generating companies,2011,"367,982"
All generating companies,Total renewable generation [note 13],2011,"35,212"
All generating companies,Total low carbon generation [note 14],2011,"104,193"
All generating companies,Total fossil fuel generation [note 15],2011,"258,060"
Major power producers [note 6][note 7],Coal,2012,"139,800"
Major power producers [note 6][note 7],Oil,2012,"1,451"
Major power producers [note 6][note 7],Gas,2012,"86,229"
Major power producers [note 6][note 7],Nuclear,2012,"70,405"
Major power producers [note 6][note 7],Hydro (natural flow),2012,"4,170"
Major power producers [note 6][note 7],Total wind,2012,"17,157"
Major power producers [note 6][note 7],Onshore wind,2012,"9,554"
Major power producers [note 6][note 7],Offshore wind,2012,"7,603"
Major power producers [note 6][note 7],Solar,2012,0
Major power producers [note 6][note 7],Thermal renewables [note 9],2012,"6,113"
Major power producers [note 6][note 7],Other fuels [note 10],2012,0
Major power producers [note 6][note 7],Energy storage,2012,"2,966"
Major power producers [note 6][note 7],Total major power producers,2012,"328,291"
Other generators,Coal,2012,"2,992"
Other generators,Oil,2012,"1,441"
Other generators,Gas,2012,"13,940"
Other generators,Hydro (natural flow),2012,"1,140"
Other generators,Total wind,2012,"2,690"
Other generators,Onshore wind,2012,"2,690"
Other generators,Offshore wind,2012,0
Other generators,Shoreline wave / tidal,2012,4
Other generators,Solar,2012,"1,354"
Other generators,Thermal renewables [note 9],2012,"8,621"
Other generators,Other fuels [note 10],2012,"3,401"
Other generators,Total other generators,2012,"35,582"
All generating companies,Coal,2012,"142,792"
All generating companies,Oil,2012,"2,891"
All generating companies,Gas,2012,"100,170"
All generating companies,Nuclear,2012,"70,405"
All generating companies,Hydro (natural flow),2012,"5,310"
All generating companies,Total wind,2012,"19,847"
All generating companies,Onshore wind,2012,"12,244"
All generating companies,Offshore wind,2012,"7,603"
All generating companies,Shoreline wave / tidal,2012,4
All generating companies,Solar,2012,"1,354"
All generating companies,Thermal renewables [note 9],2012,"14,734"
All generating companies,Other fuels [note 10],2012,"3,401"
All generating companies,Energy storage,2012,"2,966"
All generating companies,Total all generating companies,2012,"363,874"
All generating companies,Total renewable generation [note 13],2012,"41,249"
All generating companies,Total low carbon generation [note 14],2012,"111,654"
All generating companies,Total fossil fuel generation [note 15],2012,"245,853"
Major power producers [note 6][note 7],Coal,2013,"130,175"
Major power producers [note 6][note 7],Oil,2013,745
Major power producers [note 6][note 7],Gas,2013,"82,891"
Major power producers [note 6][note 7],Nuclear,2013,"70,607"
Major power producers [note 6][note 7],Hydro (natural flow),2013,"3,609"
Major power producers [note 6][note 7],Total wind,2013,"23,958"
Major power producers [note 6][note 7],Onshore wind,2013,"12,487"
Major power producers [note 6][note 7],Offshore wind,2013,"11,472"
Major power producers [note 6][note 7],Solar,2013,0
Major power producers [note 6][note 7],Thermal renewables [note 9],2013,"9,212"
Major power producers [note 6][note 7],Other fuels [note 10],2013,522
Major power producers [note 6][note 7],Energy storage,2013,"2,904"
Major power producers [note 6][note 7],Total major power producers,2013,"324,623"
Other generators,Coal,2013,83
Other generators,Oil,2013,"1,321"
Other generators,Gas,2013,"12,952"
Other generators,Hydro (natural flow),2013,"1,092"
Other generators,Total wind,2013,"4,439"
Other generators,Onshore wind,2013,"4,439"
Other generators,Offshore wind,2013,0
Other generators,Shoreline wave / tidal,2013,5
Other generators,Solar,2013,"2,010"
Other generators,Thermal renewables [note 9],2013,"8,888"
Other generators,Other fuels [note 10],2013,"2,870"
Other generators,Total other generators,2013,"33,661"
All generating companies,Coal,2013,"130,258"
All generating companies,Oil,2013,"2,066"
All generating companies,Gas,2013,"95,843"
All generating companies,Nuclear,2013,"70,607"
All generating companies,Hydro (natural flow),2013,"4,701"
All generating companies,Total wind,2013,"28,397"
All generating companies,Onshore wind,2013,"16,925"
All generating companies,Offshore wind,2013,"11,472"
All generating companies,Shoreline wave / tidal,2013,5
All generating companies,Solar,2013,"2,010"
All generating companies,Thermal renewables [note 9],2013,"18,100"
All generating companies,Other fuels [note 10],2013,"3,392"
All generating companies,Energy storage,2013,"2,904"
All generating companies,Total all generating companies,2013,"358,283"
All generating companies,Total renewable generation [note 13],2013,"53,213"
All generating companies,Total low carbon generation [note 14],2013,"123,820"
All generating companies,Total fossil fuel generation [note 15],2013,"228,167"
Major power producers [note 6][note 7],Coal,2014,"100,167"
Major power producers [note 6][note 7],Oil,2014,530
Major power producers [note 6][note 7],Gas,2014,"88,871"
Major power producers [note 6][note 7],Nuclear,2014,"63,748"
Major power producers [note 6][note 7],Hydro (natural flow),2014,"4,635"
Major power producers [note 6][note 7],Total wind,2014,"26,762"
Major power producers [note 6][note 7],Onshore wind,2014,"13,360"
Major power producers [note 6][note 7],Offshore wind,2014,"13,402"
Major power producers [note 6][note 7],Solar,2014,0
Major power producers [note 6][note 7],Thermal renewables [note 9],2014,"12,698"
Major power producers [note 6][note 7],Other fuels [note 10],2014,528
Major power producers [note 6][note 7],Energy storage,2014,"2,883"
Major power producers [note 6][note 7],Total major power producers,2014,"300,822"
Other generators,Coal,2014,72
Other generators,Oil,2014,"1,390"
Other generators,Gas,2014,"12,021"
Other generators,Hydro (natural flow),2014,"1,253"
Other generators,Total wind,2014,"5,197"
Other generators,Onshore wind,2014,"5,195"
Other generators,Offshore wind,2014,3
Other generators,Shoreline wave / tidal,2014,2
Other generators,Solar,2014,"4,054"
Other generators,Thermal renewables [note 9],2014,"9,921"
Other generators,Other fuels [note 10],2014,"3,363"
Other generators,Total other generators,2014,"37,274"
All generating companies,Coal,2014,"100,239"
All generating companies,Oil,2014,"1,920"
All generating companies,Gas,2014,"100,892"
All generating companies,Nuclear,2014,"63,748"
All generating companies,Hydro (natural flow),2014,"5,888"
All generating companies,Total wind,2014,"31,959"
All generating companies,Onshore wind,2014,"18,555"
All generating companies,Offshore wind,2014,"13,405"
All generating companies,Shoreline wave / tidal,2014,2
All generating companies,Solar,2014,"4,054"
All generating companies,Thermal renewables [note 9],2014,"22,619"
All generating companies,Other fuels [note 10],2014,"3,891"
All generating companies,Energy storage,2014,"2,883"
All generating companies,Total all generating companies,2014,"338,096"
All generating companies,Total renewable generation [note 13],2014,"64,523"
All generating companies,Total low carbon generation [note 14],2014,"128,270"
All generating companies,Total fossil fuel generation [note 15],2014,"203,051"
Major power producers [note 6][note 7],Coal,2015,"75,812"
Major power producers [note 6][note 7],Oil,2015,683
Major power producers [note 6][note 7],Gas,2015,"88,461"
Major power producers [note 6][note 7],Nuclear,2015,"70,345"
Major power producers [note 6][note 7],Hydro (natural flow),2015,"4,907"
Major power producers [note 6][note 7],Total wind,2015,"33,257"
Major power producers [note 6][note 7],Onshore wind,2015,"15,852"
Major power producers [note 6][note 7],Offshore wind,2015,"17,406"
Major power producers [note 6][note 7],Solar,2015,"1,405"
Major power producers [note 6][note 7],Thermal renewables [note 9],2015,"17,694"
Major power producers [note 6][note 7],Other fuels [note 10],2015,689
Major power producers [note 6][note 7],Energy storage,2015,"2,739"
Major power producers [note 6][note 7],Total major power producers,2015,"295,991"
Other generators,Coal,2015,66
Other generators,Oil,2015,"1,354"
Other generators,Gas,2015,"11,415"
Other generators,Hydro (natural flow),2015,"1,391"
Other generators,Total wind,2015,"7,018"
Other generators,Onshore wind,2015,"7,000"
Other generators,Offshore wind,2015,17
Other generators,Shoreline wave / tidal,2015,2
Other generators,Solar,2015,"6,128"
Other generators,Thermal renewables [note 9],2015,"11,563"
Other generators,Other fuels [note 10],2015,"3,948"
Other generators,Total other generators,2015,"42,885"
All generating companies,Coal,2015,"75,878"
All generating companies,Oil,2015,"2,037"
All generating companies,Gas,2015,"99,875"
All generating companies,Nuclear,2015,"70,345"
All generating companies,Hydro (natural flow),2015,"6,297"
All generating companies,Total wind,2015,"40,275"
All generating companies,Onshore wind,2015,"22,852"
All generating companies,Offshore wind,2015,"17,423"
All generating companies,Shoreline wave / tidal,2015,2
All generating companies,Solar,2015,"7,533"
All generating companies,Thermal renewables [note 9],2015,"29,257"
All generating companies,Other fuels [note 10],2015,"4,636"
All generating companies,Energy storage,2015,"2,739"
All generating companies,Total all generating companies,2015,"338,875"
All generating companies,Total renewable generation [note 13],2015,"83,364"
All generating companies,Total low carbon generation [note 14],2015,"153,709"
All generating companies,Total fossil fuel generation [note 15],2015,"177,791"
Major power producers [note 6][note 7],Coal,2016,"30,613"
Major power producers [note 6][note 7],Oil,2016,606
Major power producers [note 6][note 7],Gas,2016,"131,972"
Major power producers [note 6][note 7],Nuclear,2016,"71,726"
Major power producers [note 6][note 7],Hydro (natural flow),2016,"3,951"
Major power producers [note 6][note 7],Total wind,2016,"30,712"
Major power producers [note 6][note 7],Onshore wind,2016,"14,314"
Major power producers [note 6][note 7],Offshore wind,2016,"16,399"
Major power producers [note 6][note 7],Solar,2016,"2,035"
Major power producers [note 6][note 7],Thermal renewables [note 9],2016,"17,400"
Major power producers [note 6][note 7],Other fuels [note 10],2016,968
Major power producers [note 6][note 7],Energy storage,2016,"2,959"
Major power producers [note 6][note 7],Total major power producers,2016,"292,943"
Other generators,Coal,2016,56
Other generators,Oil,2016,"1,285"
Other generators,Gas,2016,"11,384"
Other generators,Hydro (natural flow),2016,"1,419"
Other generators,Total wind,2016,"6,447"
Other generators,Onshore wind,2016,"6,440"
Other generators,Offshore wind,2016,7
Other generators,Shoreline wave / tidal,2016,0
Other generators,Solar,2016,"8,360"
Other generators,Thermal renewables [note 9],2016,"12,666"
Other generators,Other fuels [note 10],2016,"4,605"
Other generators,Total other generators,2016,"46,221"
All generating companies,Coal,2016,"30,669"
All generating companies,Oil,2016,"1,890"
All generating companies,Gas,2016,"143,356"
All generating companies,Nuclear,2016,"71,726"
All generating companies,Hydro (natural flow),2016,"5,370"
All generating companies,Total wind,2016,"37,159"
All generating companies,Onshore wind,2016,"20,754"
All generating companies,Offshore wind,2016,"16,406"
All generating companies,Shoreline wave / tidal,2016,0
All generating companies,Solar,2016,"10,395"
All generating companies,Thermal renewables [note 9],2016,"30,066"
All generating companies,Other fuels [note 10],2016,"5,573"
All generating companies,Energy storage,2016,"2,959"
All generating companies,Total all generating companies,2016,"339,164"
All generating companies,Total renewable generation [note 13],2016,"82,991"
All generating companies,Total low carbon generation [note 14],2016,"154,717"
All generating companies,Total fossil fuel generation [note 15],2016,"175,915"
Major power producers [note 6][note 7],Coal,2017,"22,481"
Major power producers [note 6][note 7],Oil,2017,390
Major power producers [note 6][note 7],Gas,2017,"124,512"
Major power producers [note 6][note 7],Nuclear,2017,"70,336"
Major power producers [note 6][note 7],Hydro (natural flow),2017,"4,179"
Major power producers [note 6][note 7],Total wind,2017,"40,954"
Major power producers [note 6][note 7],Onshore wind,2017,"20,080"
Major power producers [note 6][note 7],Offshore wind,2017,"20,874"
Major power producers [note 6][note 7],Solar,2017,"2,978"
Major power producers [note 6][note 7],Thermal renewables [note 9],2017,"17,766"
Major power producers [note 6][note 7],Other fuels [note 10],2017,"1,276"
Major power producers [note 6][note 7],Energy storage,2017,"2,872"
Major power producers [note 6][note 7],Total major power producers,2017,"287,745"
Other generators,Coal,2017,49
Other generators,Oil,2017,"1,225"
Other generators,Gas,2017,"12,233"
Other generators,Hydro (natural flow),2017,"1,703"
Other generators,Total wind,2017,"8,687"
Other generators,Onshore wind,2017,"8,645"
Other generators,Offshore wind,2017,41
Other generators,Shoreline wave / tidal,2017,4
Other generators,Solar,2017,"8,479"
Other generators,Thermal renewables [note 9],2017,"14,128"
Other generators,Other fuels [note 10],2017,"3,944"
Other generators,Total other generators,2017,"50,453"
All generating companies,Coal,2017,"22,530"
All generating companies,Oil,2017,"1,614"
All generating companies,Gas,2017,"136,746"
All generating companies,Nuclear,2017,"70,336"
All generating companies,Hydro (natural flow),2017,"5,882"
All generating companies,Total wind,2017,"49,641"
All generating companies,Onshore wind,2017,"28,725"
All generating companies,Offshore wind,2017,"20,916"
All generating companies,Shoreline wave / tidal,2017,4
All generating companies,Solar,2017,"11,457"
All generating companies,Thermal renewables [note 9],2017,"31,894"
All generating companies,Other fuels [note 10],2017,"5,219"
All generating companies,Energy storage,2017,"2,872"
All generating companies,Total all generating companies,2017,"338,198"
All generating companies,Total renewable generation [note 13],2017,"98,879"
All generating companies,Total low carbon generation [note 14],2017,"169,215"
All generating companies,Total fossil fuel generation [note 15],2017,"160,891"
Major power producers [note 6][note 7],Coal,2018,"16,778"
Major power producers [note 6][note 7],Oil,2018,627
Major power producers [note 6][note 7],Gas,2018,"119,632"
Major power producers [note 6][note 7],Nuclear,2018,"65,064"
Major power producers [note 6][note 7],Hydro (natural flow),2018,"3,800"
Major power producers [note 6][note 7],Total wind,2018,"47,924"
Major power producers [note 6][note 7],Onshore wind,2018,"21,416"
Major power producers [note 6][note 7],Offshore wind,2018,"26,508"
Major power producers [note 6][note 7],Solar,2018,"3,530"
Major power producers [note 6][note 7],Thermal renewables [note 9],2018,"19,965"
Major power producers [note 6][note 7],Other fuels [note 10],2018,"1,131"
Major power producers [note 6][note 7],Energy storage,2018,"2,534"
Major power producers [note 6][note 7],Total major power producers,2018,"280,986"
Other generators,Coal,2018,53
Other generators,Oil,2018,947
Other generators,Gas,2018,"11,857"
Other generators,Hydro (natural flow),2018,"1,643"
Other generators,Total wind,2018,"8,984"
Other generators,Onshore wind,2018,"8,967"
Other generators,Offshore wind,2018,17
Other generators,Shoreline wave / tidal,2018,9
Other generators,Solar,2018,"9,138"
Other generators,Thermal renewables [note 9],2018,"15,136"
Other generators,Other fuels [note 10],2018,"4,998"
Other generators,Total other generators,2018,"52,767"
All generating companies,Coal,2018,"16,831"
All generating companies,Oil,2018,"1,573"
All generating companies,Gas,2018,"131,490"
All generating companies,Nuclear,2018,"65,064"
All generating companies,Hydro (natural flow),2018,"5,443"
All generating companies,Total wind,2018,"56,908"
All generating companies,Onshore wind,2018,"30,382"
All generating companies,Offshore wind,2018,"26,525"
All generating companies,Shoreline wave / tidal,2018,9
All generating companies,Solar,2018,"12,668"
All generating companies,Thermal renewables [note 9],2018,"35,102"
All generating companies,Other fuels [note 10],2018,"6,129"
All generating companies,Energy storage,2018,"2,534"
All generating companies,Total all generating companies,2018,"333,752"
All generating companies,Total renewable generation [note 13],2018,"110,130"
All generating companies,Total low carbon generation [note 14],2018,"175,194"
All generating companies,Total fossil fuel generation [note 15],2018,"149,894"
Major power producers [note 6][note 7],Coal,2019,"6,865"
Major power producers [note 6][note 7],Oil,2019,671
Major power producers [note 6][note 7],Gas,2019,"118,593"
Major power producers [note 6][note 7],Nuclear,2019,"56,184"
Major power producers [note 6][note 7],Hydro (natural flow),2019,"4,190"
Major power producers [note 6][note 7],Total wind,2019,"55,074"
Major power producers [note 6][note 7],Onshore wind,2019,"23,246"
Major power producers [note 6][note 7],Offshore wind,2019,"31,828"
Major power producers [note 6][note 7],Solar,2019,"3,860"
Major power producers [note 6][note 7],Thermal renewables [note 9],2019,"20,838"
Major power producers [note 6][note 7],Other fuels [note 10],2019,"1,161"
Major power producers [note 6][note 7],Energy storage,2019,"1,838"
Major power producers [note 6][note 7],Total major power producers,2019,"269,275"
Other generators,Coal,2019,51
Other generators,Oil,2019,"1,317"
Other generators,Gas,2019,"14,495"
Other generators,Hydro (natural flow),2019,"1,743"
Other generators,Total wind,2019,"8,761"
Other generators,Onshore wind,2019,"8,614"
Other generators,Offshore wind,2019,147
Other generators,Shoreline wave / tidal,2019,14
Other generators,Solar,2019,"8,558"
Other generators,Thermal renewables [note 9],2019,"16,689"
Other generators,Other fuels [note 10],2019,"6,272"
Other generators,Total other generators,2019,"57,900"
All generating companies,Coal,2019,"6,917"
All generating companies,Oil,2019,"1,988"
All generating companies,Gas,2019,"133,089"
All generating companies,Nuclear,2019,"56,184"
All generating companies,Hydro (natural flow),2019,"5,933"
All generating companies,Total wind,2019,"63,835"
All generating companies,Onshore wind,2019,"31,860"
All generating companies,Offshore wind,2019,"31,975"
All generating companies,Shoreline wave / tidal,2019,14
All generating companies,Solar,2019,"12,418"
All generating companies,Thermal renewables [note 9],2019,"37,526"
All generating companies,Other fuels [note 10],2019,"7,433"
All generating companies,Energy storage,2019,"1,838"
All generating companies,Total all generating companies,2019,"327,175"
All generating companies,Total renewable generation [note 13],2019,"119,726"
All generating companies,Total low carbon generation [note 14],2019,"175,910"
All generating companies,Total fossil fuel generation [note 15],2019,"141,993"
Major power producers [note 6][note 7],Coal,2020,"5,648"
Major power producers [note 6][note 7],Oil,2020,512
Major power producers [note 6][note 7],Gas,2020,"99,317"
Major power producers [note 6][note 7],Nuclear,2020,"50,239"
Major power producers [note 6][note 7],Hydro (natural flow),2020,"5,007"
Major power producers [note 6][note 7],Total wind,2020,"66,295"
Major power producers [note 6][note 7],Onshore wind,2020,"25,569"
Major power producers [note 6][note 7],Offshore wind,2020,"40,726"
Major power producers [note 6][note 7],Solar,2020,"4,344"
Major power producers [note 6][note 7],Thermal renewables [note 9],2020,"20,949"
Major power producers [note 6][note 7],Other fuels [note 10],2020,"1,446"
Major power producers [note 6][note 7],Energy storage,2020,"1,680"
Major power producers [note 6][note 7],Total major power producers,2020,"255,437"
Other generators,Coal,2020,51
Other generators,Oil,2020,919
Other generators,Gas,2020,"12,577"
Other generators,Hydro (natural flow),2020,"1,871"
Other generators,Total wind,2020,"9,328"
Other generators,Onshore wind,2020,"9,304"
Other generators,Offshore wind,2020,24
Other generators,Shoreline wave / tidal,2020,11
Other generators,Solar,2020,"8,203"
Other generators,Thermal renewables [note 9],2020,"17,617"
Other generators,Other fuels [note 10],2020,"4,282"
Other generators,Total other generators,2020,"54,859"
All generating companies,Coal,2020,"5,700"
All generating companies,Oil,2020,"1,431"
All generating companies,Gas,2020,"111,894"
All generating companies,Nuclear,2020,"50,239"
All generating companies,Hydro (natural flow),2020,"6,878"
All generating companies,Total wind,2020,"75,623"
All generating companies,Onshore wind,2020,"34,873"
All generating companies,Offshore wind,2020,"40,750"
All generating companies,Shoreline wave / tidal,2020,11
All generating companies,Solar,2020,"12,547"
All generating companies,Thermal renewables [note 9],2020,"38,565"
All generating companies,Other fuels [note 10],2020,"5,727"
All generating companies,Energy storage,2020,"1,680"
All generating companies,Total all generating companies,2020,"310,296"
All generating companies,Total renewable generation [note 13],2020,"133,625"
All generating companies,Total low carbon generation [note 14],2020,"183,864"
All generating companies,Total fossil fuel generation [note 15],2020,"119,025"
Major power producers [note 6][note 7],Coal,2021,"6,737"
Major power producers [note 6][note 7],Oil,2021,718
Major power producers [note 6][note 7],Gas,2021,"111,018"
Major power producers [note 6][note 7],Nuclear,2021,"46,104"
Major power producers [note 6][note 7],Hydro (natural flow),2021,"3,736"
Major power producers [note 6][note 7],Total wind,2021,"57,479"
Major power producers [note 6][note 7],Onshore wind,2021,"21,952"
Major power producers [note 6][note 7],Offshore wind,2021,"35,527"
Major power producers [note 6][note 7],Solar,2021,"4,307"
Major power producers [note 6][note 7],Thermal renewables [note 9],2021,"22,218"
Major power producers [note 6][note 7],Other fuels [note 10],2021,"1,626"
Major power producers [note 6][note 7],Energy storage,2021,"1,987"
Major power producers [note 6][note 7],Total major power producers,2021,"255,930"
Other generators,Coal,2021,49
Other generators,Oil,2021,"1,244"
Other generators,Gas,2021,"11,818"
Other generators,Hydro (natural flow),2021,"1,682"
Other generators,Total wind,2021,"7,445"
Other generators,Onshore wind,2021,"7,375"
Other generators,Offshore wind,2021,70
Other generators,Shoreline wave / tidal,2021,5
Other generators,Solar,2021,"7,822"
Other generators,Thermal renewables [note 9],2021,"17,783"
Other generators,Other fuels [note 10],2021,"4,103"
Other generators,Total other generators,2021,"51,950"
All generating companies,Coal,2021,"6,785"
All generating companies,Oil,2021,"1,962"
All generating companies,Gas,2021,"122,836"
All generating companies,Nuclear,2021,"46,104"
All generating companies,Hydro (natural flow),2021,"5,418"
All generating companies,Total wind,2021,"64,924"
All generating companies,Onshore wind,2021,"29,327"
All generating companies,Offshore wind,2021,"35,597"
All generating companies,Shoreline wave / tidal,2021,5
All generating companies,Solar,2021,"12,128"
All generating companies,Thermal renewables [note 9],2021,"40,001"
All generating companies,Other fuels [note 10],2021,"5,729"
All generating companies,Energy storage,2021,"1,987"
All generating companies,Total all generating companies,2021,"307,881"
All generating companies,Total renewable generation [note 13],2021,"122,477"
All generating companies,Total low carbon generation [note 14],2021,"168,581"
All generating companies,Total fossil fuel generation [note 15],2021,"131,583"
Major power producers [note 6][note 7],Coal,2022,"5,895"
Major power producers [note 6][note 7],Oil,2022,815
Major power producers [note 6][note 7],Gas,2022,"114,021"
Major power producers [note 6][note 7],Nuclear,2022,"47,400"
Major power producers [note 6][note 7],Hydro (natural flow),2022,"3,916"
Major power producers [note 6][note 7],Total wind,2022,"71,625"
Major power producers [note 6][note 7],Onshore wind,2022,"26,659"
Major power producers [note 6][note 7],Offshore wind,2022,"44,967"
Major power producers [note 6][note 7],Solar,2022,"4,741"
Major power producers [note 6][note 7],Thermal renewables [note 9],2022,"18,085"
Major power producers [note 6][note 7],Other fuels [note 10],2022,"1,582"
Major power producers [note 6][note 7],Energy storage,2022,"2,185"
Major power producers [note 6][note 7],Total major power producers,2022,"270,267"
Other generators,Coal,2022,48
Other generators,Oil,2022,"2,015"
Other generators,Gas,2022,"11,097"
Other generators,Hydro (natural flow),2022,"1,151"
Other generators,Total wind,2022,"8,589"
Other generators,Onshore wind,2022,"8,443"
Other generators,Offshore wind,2022,146
Other generators,Shoreline wave / tidal,2022,11
Other generators,Solar,2022,"9,241"
Other generators,Thermal renewables [note 9],2022,"17,866"
Other generators,Other fuels [note 10],2022,"4,534"
Other generators,Total other generators,2022,"54,554"
All generating companies,Coal,2022,"5,943"
All generating companies,Oil,2022,"2,830"
All generating companies,Gas,2022,"125,118"
All generating companies,Nuclear,2022,"47,400"
All generating companies,Hydro (natural flow),2022,"5,068"
All generating companies,Total wind,2022,"80,214"
All generating companies,Onshore wind,2022,"35,102"
All generating companies,Offshore wind,2022,"45,113"
All generating companies,Shoreline wave / tidal,2022,11
All generating companies,Solar,2022,"13,983"
All generating companies,Thermal renewables [note 9],2022,"35,952"
All generating companies,Other fuels [note 10],2022,"6,116"
All generating companies,Energy storage,2022,"2,185"
All generating companies,Total all generating companies,2022,"324,821"
All generating companies,Total renewable generation [note 13],2022,"135,228"
All generating companies,Total low carbon generation [note 14],2022,"182,628"
All generating companies,Total fossil fuel generation [note 15],2022,"133,891"
Major power producers [note 6][note 7],Coal,2023,"3,736"
Major power producers [note 6][note 7],Oil,2023,581
Major power producers [note 6][note 7],Gas,2023,"89,692"
Major power producers [note 6][note 7],Nuclear,2023,"40,596"
Major power producers [note 6][note 7],Hydro (natural flow),2023,"3,812"
Major power producers [note 6][note 7],Total wind,2023,"74,067"
Major power producers [note 6][note 7],Onshore wind,2023,"24,575"
Major power producers [note 6][note 7],Offshore wind,2023,"49,492"
Major power producers [note 6][note 7],Solar,2023,"4,600"
Major power producers [note 6][note 7],Thermal renewables [note 9],2023,"16,326"
Major power producers [note 6][note 7],Other fuels [note 10],2023,"1,553"
Major power producers [note 6][note 7],Energy storage,2023,"2,844"
Major power producers [note 6][note 7],Total major power producers,2023,"237,807"
Other generators,Coal,2023,39
Other generators,Oil,2023,"1,424"
Other generators,Gas,2023,"12,099"
Other generators,Hydro (natural flow),2023,"1,651"
Other generators,Total wind,2023,"8,079"
Other generators,Onshore wind,2023,"7,921"
Other generators,Offshore wind,2023,158
Other generators,Shoreline wave / tidal,2023,13
Other generators,Solar,2023,"10,039"
Other generators,Thermal renewables [note 9],2023,"18,171"
Other generators,Other fuels [note 10],2023,"4,756"
Other generators,Total other generators,2023,"56,272"
All generating companies,Coal,2023,"3,775"
All generating companies,Oil,2023,"2,005"
All generating companies,Gas,2023,"101,791"
All generating companies,Nuclear,2023,"40,596"
All generating companies,Hydro (natural flow),2023,"5,464"
All generating companies,Total wind,2023,"82,146"
All generating companies,Onshore wind,2023,"32,496"
All generating companies,Offshore wind,2023,"49,650"
All generating companies,Shoreline wave / tidal,2023,13
All generating companies,Solar,2023,"14,639"
All generating companies,Thermal renewables [note 9],2023,"34,497"
All generating companies,Other fuels [note 10],2023,"6,310"
All generating companies,Energy storage,2023,"2,844"
All generating companies,Total all generating companies,2023,"294,079"
All generating companies,Total renewable generation [note 13],2023,"136,758"
All generating companies,Total low carbon generation [note 14],2023,"177,354"
All generating companies,Total fossil fuel generation [note 15],2023,"107,571"
Major power producers [note 6][note 7],Coal,2024,"2,001"
Major power producers [note 6][note 7],Oil,2024,533
Major power producers [note 6][note 7],Gas,2024,"74,805"
Major power producers [note 6][note 7],Nuclear,2024,"40,588"
Major power producers [note 6][note 7],Hydro (natural flow),2024,"4,032"
Major power producers [note 6][note 7],Total wind,2024,"75,739"
Major power producers [note 6][note 7],Onshore wind,2024,"27,378"
Major power producers [note 6][note 7],Offshore wind,2024,"48,361"
Major power producers [note 6][note 7],Solar,2024,"4,746"
Major power producers [note 6][note 7],Thermal renewables [note 9],2024,"21,079"
Major power producers [note 6][note 7],Other fuels [note 10],2024,"1,613"
Major power producers [note 6][note 7],Energy storage,2024,"3,871"
Major power producers [note 6][note 7],Total major power producers,2024,"229,008"
Other generators,Coal,2024,39
Other generators,Oil,2024,"1,284"
Other generators,Gas,2024,"11,868"
Other generators,Hydro (natural flow),2024,"1,763"
Other generators,Total wind,2024,"7,543"
Other generators,Onshore wind,2024,"7,365"
Other generators,Offshore wind,2024,178
Other generators,Shoreline wave / tidal,2024,13
Other generators,Solar,2024,"9,618"
Other generators,Thermal renewables [note 9],2024,"19,173"
Other generators,Other fuels [note 10],2024,"4,645"
Other generators,Total other generators,2024,"55,948"
All generating companies,Coal,2024,"2,040"
All generating companies,Oil,2024,"1,817"
All generating companies,Gas,2024,"86,674"
All generating companies,Nuclear,2024,"40,588"
All generating companies,Hydro (natural flow),2024,"5,796"
All generating companies,Total wind,2024,"83,283"
All generating companies,Onshore wind,2024,"34,744"
All generating companies,Offshore wind,2024,"48,539"
All generating companies,Shoreline wave / tidal,2024,13
All generating companies,Solar,2024,"14,364"
All generating companies,Thermal renewables [note 9],2024,"40,252"
All generating companies,Other fuels [note 10],2024,"6,259"
All generating companies,Energy storage,2024,"3,871"
All generating companies,Total all generating companies,2024,"284,956"
All generating companies,Total renewable generation [note 13],2024,"143,708"
All generating companies,Total low carbon generation [note 14],2024,"184,296"
All generating companies,Total fossil fuel generation [note 15],2024,"90,531"
