Generation type,Fuel,1996,1997,1998,1999,2000,2001,2002,2003,2004,2005,2006,2007,2008,2009,2010,2011,2012,2013,2014,2015,2016,2017,2018,2019,2020,2021,2022,2023,2024,,
Major power producers [note 6][note 7],Coal,"140,238","114,968","118,595","102,074","117,025","127,128","120,958","134,023","127,827","130,690","144,947","132,074","120,305","99,287","103,841","104,668","139,800","130,175","100,167","75,812","30,613","22,481","16,778","6,865","5,648","6,737","5,895","3,736","2,001",,
Major power producers [note 6][note 7],Oil,"11,132","5,267","3,442","2,943","2,415","2,472","2,011","2,197","1,883","2,921","3,723","2,955","4,557","3,839","2,273","1,075","1,451",745,530,683,606,390,627,671,512,718,815,581,533,,
Major power producers [note 6][note 7],Gas,"75,301","100,330","105,804","128,365","129,558","126,999","135,741","131,238","140,577","137,483","126,637","149,346","161,583","152,598","161,748","132,753","86,229","82,891","88,871","88,461","131,972","124,512","119,632","118,593","99,317","111,018","114,021","89,692","74,805",,
Major power producers [note 6][note 7],Nuclear,"94,671","98,146","99,486","95,133","85,063","90,093","87,848","88,686","79,999","81,618","75,451","63,028","52,486","69,098","62,140","68,980","70,405","70,607","63,748","70,345","71,726","70,336","65,064","56,184","50,239","46,104","47,400","40,596","40,588",,
Major power producers [note 6][note 7],Hydro (natural flow),"2,801","3,337","4,237","4,431","4,331","3,215","3,927","2,568","3,908","3,826","3,693","4,144","4,224","4,294","2,703","4,594","4,170","3,609","4,635","4,907","3,951","4,179","3,800","4,190","5,007","3,736","3,916","3,812","4,032",,
Major power producers [note 6][note 7],Total wind,0,0,0,0,0,0,0,0,0,0,0,"3,569","5,388","6,540","7,970","12,918","17,157","23,958","26,762","33,257","30,712","40,954","47,924","55,074","66,295","57,479","71,625","74,067","75,739",,
Major power producers [note 6][note 7],Onshore wind,0,0,0,0,0,0,0,0,0,0,0,"2,865","4,325","5,087","4,910","7,769","9,554","12,487","13,360","15,852","14,314","20,080","21,416","23,246","25,569","21,952","26,659","24,575","27,378",,
Major power producers [note 6][note 7],Offshore wind,0,0,0,0,0,0,0,0,0,0,0,704,"1,062","1,453","3,060","5,149","7,603","11,472","13,402","17,406","16,399","20,874","26,508","31,828","40,726","35,527","44,967","49,492","48,361",,
Major power producers [note 6][note 7],Solar,0,0,0,0,0,0,0,0,0,0,0,0,0,0,0,0,0,0,0,"1,405","2,035","2,978","3,530","3,860","4,344","4,307","4,741","4,600","4,746",,
Major power producers [note 6][note 7],Thermal renewables [note 9],536,599,576,761,698,738,856,"1,154","1,471","2,744","2,928","2,341","2,608","2,670","3,783","4,646","6,113","9,212","12,698","17,694","17,400","17,766","19,965","20,838","20,949","22,218","18,085","16,326","21,079",,
Major power producers [note 6][note 7],Other fuels [note 10],0,0,0,0,0,0,0,0,0,0,0,0,0,0,0,0,0,522,528,689,968,"1,276","1,131","1,161","1,446","1,626","1,582","1,553","1,613",,
Major power producers [note 6][note 7],Energy storage,"1,556","1,486","1,624","2,902","2,694","2,422","2,652","2,734","2,649","2,930","3,853","3,859","4,089","3,685","3,150","2,906","2,966","2,904","2,883","2,739","2,959","2,872","2,534","1,838","1,680","1,987","2,185","2,844","3,871",,
Major power producers [note 6][note 7],Total major power producers,"326,235","324,133","333,764","336,609","341,784","353,067","353,993","362,600","358,313","362,212","361,232","361,317","355,239","342,011","347,607","332,539","328,291","324,623","300,822","295,991","292,943","287,745","280,986","269,275","255,437","255,930","270,267","237,807","229,008",,
Other generators,Coal,"4,978","4,750","4,376","4,106","2,925","4,333","3,321","4,282","3,961","3,947","3,903","3,870","4,077","3,751","3,753","3,774","2,992",83,72,66,56,49,53,51,51,49,48,39,39,,
Other generators,Oil,"3,823","3,419","3,913","3,606","4,109","2,781","2,788","2,397","2,761","2,417","2,450","2,093","2,152","2,155","2,532","2,044","1,441","1,321","1,390","1,354","1,285","1,225",947,"1,317",919,"1,244","2,015","1,424","1,284",,
Other generators,Gas,"8,785","10,633","11,994","14,537","18,519","14,906","16,536","17,643","16,487","15,159","14,191","16,447","14,636","13,901","13,906","13,746","13,940","12,952","12,021","11,415","11,384","12,233","11,857","14,495","12,577","11,818","11,097","12,099","11,868",,
Other generators,Hydro (natural flow),592,832,881,905,755,840,860,660,936,"1,096",900,933,921,936,888,"1,098","1,140","1,092","1,253","1,391","1,419","1,703","1,643","1,743","1,871","1,682","1,151","1,651","1,763",,
Other generators,Total wind,488,667,877,850,946,965,"1,256","1,285","1,935","2,904","4,225","1,705","1,736","2,743","2,316","3,045","2,690","4,439","5,197","7,018","6,447","8,687","8,984","8,761","9,328","7,445","8,589","8,079","7,543",,
Other generators,Onshore wind,488,667,877,850,945,960,"1,251","1,276","1,736","2,501","3,574","1,626","1,463","2,442","2,316","3,045","2,690","4,439","5,195","7,000","6,440","8,645","8,967","8,614","9,304","7,375","8,443","7,921","7,365",,
Other generators,Offshore wind,0,0,0,0,1,5,5,10,199,403,651,79,273,301,0,0,0,0,3,17,7,41,17,147,24,70,146,158,178,,
Other generators,Shoreline wave / tidal,0,0,0,0,0,0,0,0,0,0,0,0,0,1,2,1,4,5,2,2,0,4,9,14,11,5,11,13,13,,
Other generators,Solar,0,0,0,1,1,2,3,3,4,8,11,14,17,20,40,244,"1,354","2,010","4,054","6,128","8,360","8,479","9,138","8,558","8,203","7,822","9,241","10,039","9,618",,
Other generators,Thermal renewables [note 9],"1,685","1,994","2,661","3,227","3,630","4,316","4,769","5,537","6,469","6,941","6,999","6,983","6,926","8,004","8,478","8,668","8,621","8,888","9,921","11,563","12,666","14,128","15,136","16,689","17,617","17,783","17,866","18,171","19,173",,
Other generators,Other fuels [note 10],"4,283","4,239","4,236","4,312","4,401","3,577","3,719","3,800","3,062","3,676","3,371","3,467","3,188","3,196","2,545","2,823","3,401","2,870","3,363","3,948","4,605","3,944","4,998","6,272","4,282","4,103","4,534","4,756","4,645",,
Other generators,Total other generators,"24,632","26,534","28,938","31,544","35,286","31,720","33,252","35,607","35,616","36,148","36,050","35,513","33,653","34,707","34,461","35,443","35,582","33,661","37,274","42,885","46,221","50,453","52,767","57,900","54,859","51,950","54,554","56,272","55,948",,
All generating companies,Coal,"145,216","119,718","122,971","106,180","119,950","131,461","124,279","138,305","131,788","134,637","148,850","135,944","124,381","103,038","107,594","108,442","142,792","130,258","100,239","75,878","30,669","22,530","16,831","6,917","5,700","6,785","5,943","3,775","2,040",,
All generating companies,Oil,"14,955","8,686","7,355","6,549","6,524","5,253","4,799","4,594","4,644","5,338","6,173","5,048","6,709","5,995","4,805","3,119","2,891","2,066","1,920","2,037","1,890","1,614","1,573","1,988","1,431","1,962","2,830","2,005","1,817",,
All generating companies,Gas,"84,086","110,963","117,798","142,902","148,077","141,905","152,277","148,881","157,064","152,642","140,828","165,793","176,219","166,499","175,653","146,499","100,170","95,843","100,892","99,875","143,356","136,746","131,490","133,089","111,894","122,836","125,118","101,791","86,674",,
All generating companies,Nuclear,"94,671","98,146","99,486","95,133","85,063","90,093","87,848","88,686","79,999","81,618","75,451","63,028","52,486","69,098","62,140","68,980","70,405","70,607","63,748","70,345","71,726","70,336","65,064","56,184","50,239","46,104","47,400","40,596","40,588",,
All generating companies,Hydro (natural flow),"3,393","4,169","5,118","5,336","5,086","4,055","4,787","3,228","4,844","4,922","4,593","5,077","5,145","5,231","3,591","5,692","5,310","4,701","5,888","6,297","5,370","5,882","5,443","5,933","6,878","5,418","5,068","5,464","5,796",,
All generating companies,Total wind,488,667,877,850,946,965,"1,256","1,285","1,935","2,904","4,225","5,274","7,123","9,283","10,286","15,963","19,847","28,397","31,959","40,275","37,159","49,641","56,908","63,835","75,623","64,924","80,214","82,146","83,283",,
All generating companies,Onshore wind,488,667,877,850,945,960,"1,251","1,276","1,736","2,501","3,574","4,491","5,788","7,529","7,226","10,814","12,244","16,925","18,555","22,852","20,754","28,725","30,382","31,860","34,873","29,327","35,102","32,496","34,744",,
All generating companies,Offshore wind,0,0,0,0,1,5,5,10,199,403,651,783,"1,335","1,754","3,060","5,149","7,603","11,472","13,405","17,423","16,406","20,916","26,525","31,975","40,750","35,597","45,113","49,650","48,539",,
All generating companies,Shoreline wave / tidal,0,0,0,0,0,0,0,0,0,0,0,0,0,1,2,1,4,5,2,2,0,4,9,14,11,5,11,13,13,,
All generating companies,Solar,0,0,0,1,1,2,3,3,4,8,11,14,17,20,40,244,"1,354","2,010","4,054","7,533","10,395","11,457","12,668","12,418","12,547","12,128","13,983","14,639","14,364",,
All generating companies,Thermal renewables [note 9],"2,221","2,593","3,237","3,988","4,328","5,054","5,625","6,691","7,940","9,685","9,928","9,325","9,535","10,674","12,261","13,313","14,734","18,100","22,619","29,257","30,066","31,894","35,102","37,526","38,565","40,001","35,952","34,497","40,252",,
All generating companies,Other fuels [note 10],"4,283","4,239","4,236","4,312","4,401","3,577","3,719","3,800","3,062","3,676","3,371","3,467","3,188","3,196","2,545","2,823","3,401","3,392","3,891","4,636","5,573","5,219","6,129","7,433","5,727","5,729","6,116","6,310","6,259",,
All generating companies,Energy storage,"1,556","1,486","1,624","2,902","2,694","2,422","2,652","2,734","2,649","2,930","3,853","3,859","4,089","3,685","3,150","2,906","2,966","2,904","2,883","2,739","2,959","2,872","2,534","1,838","1,680","1,987","2,185","2,844","3,871",,
All generating companies,Total all generating companies,"350,867","350,667","362,702","368,153","377,070","384,787","387,245","398,207","393,929","398,360","397,282","396,830","388,892","376,718","382,068","367,982","363,874","358,283","338,096","338,875","339,164","338,198","333,752","327,175","310,296","307,881","324,821","294,079","284,956",,
All generating companies,Total renewable generation [note 13],"6,102","7,429","9,232","10,175","10,361","10,076","11,671","11,207","14,723","17,519","18,757","19,690","21,820","25,208","26,180","35,212","41,249","53,213","64,523","83,364","82,991","98,879","110,130","119,726","133,625","122,477","135,228","136,758","143,708",,
All generating companies,Total low carbon generation [note 14],"100,773","105,575","108,718","105,308","95,424","100,169","99,519","99,893","94,722","99,137","94,207","82,718","74,306","94,306","88,320","104,193","111,654","123,820","128,270","153,709","154,717","169,215","175,194","175,910","183,864","168,581","182,628","177,354","184,296",,
All generating companies,Total fossil fuel generation [note 15],"244,257","239,367","248,124","255,631","274,551","278,619","281,355","291,780","293,496","292,617","295,851","306,785","307,309","275,531","288,053","258,060","245,853","228,167","203,051","177,791","175,915","160,891","149,894","141,993","119,025","131,583","133,891","107,571","90,531",,
