Year,Coal,Energy storage,Fossil fuel generation share [note 15],Gas,Hydro (natural flow),Low carbon generation share [note 14],Nuclear,Offshore wind,Oil,Onshore wind,Other fuels [note 10],Renewable generation share [note 13],Solar,Thermal renewables [note 9],Total all generating companies,Total wind [note 11]
1996,,,,,,,,,,,,,,,,
1997,,,,,,,,,,,,,,,,
1998,,,,,,,,,,,,,,,,
1999,,,,,,,,,,,,,,,,
2000,,,,,,,,,,,,,,,,
2001,,,,,,,,,,,,,,,,
2002,,,,,,,,,,,,,,,,
2003,,,,,,,,,,,,,,,,
2004,,,,,,,,,,,,,,,,
2005,,,,,,,,,,,,,,,,
2006,,,,,,,,,,,,,,,,
2007,,,,,,,,,,,,,,,,
2008,,,,,,,,,,,,,,,,
2009,,,,,,,,,,,,,,,,
2010,,,,,,,,,,,,,,,,
2011,,,,,,,,,,,,,,,,
2012,,,,,,,,,,,,,,,,
2013,,,,,,,,,,,,,,,,
2014,,,,,,,,,,,,,,,,
2015,,,,,,,,,,,,,,,,
2016,,,,,,,,,,,,,,,,
2017,,,,,,,,,,,,,,,,
2018,,,,,,,,,,,,,,,,
2019,,,,,,,,,,,,,,,,
2020,,,,,,,,,,,,,,,,
2021,,,,,,,,,,,,,,,,
2022,,,,,,,,,,,,,,,,
2023,,,,,,,,,,,,,,,,
2024,,,,,,,,,,,,,,,,
Generation type,,,,,,,,,,,,,,,,
