Month,Electricity generated by Major Power Producers,Own use,Total electricity supplied by MPPs,"Coal
[note 7]",Oil,Gas, Nuclear, Hydro,"Total wind 
[note 8]
[note 9]","Onshore 
wind","Offshore 
wind",Solar,"Bioenergy
[note 10]","Other fuels 
[note 10]","Pumped 
storage 
[note 11]",Battery storage [note 12],"Conventional 
thermal stations 
[note 13]","CCGT stations 
[note 14]",Net imports,"Net purchases from 
other sources 
[note 15]","Total electricity 
available","Low carbon 
[note 4]","Renewables 
[note 4]","Fossil fuels 
[note 4]",,,,,,,,,,,,,,,,,,,,,,,,,,,,,,,,,,,,,,,,,,,,,,,,,,,,,,
January 1997,29.88,1.64,28.24,12.19,1.03,7.36,7.48,0.13,,,,,0.05,,,,14.04,6.53,1.29,0.50,30.03,,,,,,,,,,,,,,,,,,,,,,,,,,,,,,,,,,,,,,,,,,,,,,,,,,,,,,,,,
February 1997,28.47,1.52,26.95,10.31,0.67,7.91,7.78,0.24,,,,,0.05,,,,11.94,6.96,1.33,0.50,28.78,,,,,,,,,,,,,,,,,,,,,,,,,,,,,,,,,,,,,,,,,,,,,,,,,,,,,,,,,
March 1997,32.66,1.68,30.98,11.29,0.47,9.90,8.65,0.62,,,,,0.04,,,,13.00,8.71,1.65,0.63,33.26,,,,,,,,,,,,,,,,,,,,,,,,,,,,,,,,,,,,,,,,,,,,,,,,,,,,,,,,,
April 1997,23.79,1.32,22.47,7.22,0.22,7.64,7.13,0.22,,,,,0.04,,,,8.67,6.42,1.32,0.38,24.17,,,,,,,,,,,,,,,,,,,,,,,,,,,,,,,,,,,,,,,,,,,,,,,,,,,,,,,,,
May 1997,22.97,1.23,21.74,6.23,0.26,7.58,7.48,0.15,,,,,0.05,,,,7.64,6.46,1.28,0.38,23.41,,,,,,,,,,,,,,,,,,,,,,,,,,,,,,,,,,,,,,,,,,,,,,,,,,,,,,,,,
June 1997,27.02,1.48,25.54,7.72,0.51,8.68,8.51,0.07,,,,,0.04,,,,8.91,7.94,1.46,0.48,27.47,,,,,,,,,,,,,,,,,,,,,,,,,,,,,,,,,,,,,,,,,,,,,,,,,,,,,,,,,
July 1997,22.41,1.29,21.12,6.52,0.35,7.37,6.79,0.04,,,,,0.04,,,,7.78,6.46,1.25,0.36,22.73,,,,,,,,,,,,,,,,,,,,,,,,,,,,,,,,,,,,,,,,,,,,,,,,,,,,,,,,,
August 1997,21.62,1.22,20.39,6.43,0.28,7.19,6.41,0.05,,,,,0.04,,,,7.74,6.14,1.27,0.36,22.02,,,,,,,,,,,,,,,,,,,,,,,,,,,,,,,,,,,,,,,,,,,,,,,,,,,,,,,,,
September 1997,28.26,1.58,26.67,9.97,0.31,9.00,7.16,0.18,,,,,0.04,,,,11.94,7.42,1.47,0.45,28.59,,,,,,,,,,,,,,,,,,,,,,,,,,,,,,,,,,,,,,,,,,,,,,,,,,,,,,,,,
October 1997,24.70,1.36,23.35,9.04,0.21,7.98,5.95,0.11,,,,,0.05,,,,10.15,7.13,1.33,0.45,25.13,,,,,,,,,,,,,,,,,,,,,,,,,,,,,,,,,,,,,,,,,,,,,,,,,,,,,,,,,
November 1997,27.40,1.60,25.80,9.84,0.24,8.47,7.10,0.11,,,,,0.05,,,,11.06,7.60,1.32,0.45,27.57,,,,,,,,,,,,,,,,,,,,,,,,,,,,,,,,,,,,,,,,,,,,,,,,,,,,,,,,,
December 1997,34.97,1.97,32.99,13.31,0.33,10.07,8.90,0.34,,,,,0.05,,,,15.11,8.90,1.61,0.56,35.17,,,,,,,,,,,,,,,,,,,,,,,,,,,,,,,,,,,,,,,,,,,,,,,,,,,,,,,,,
January 1998,27.90,1.59,26.31,9.70,0.25,8.21,7.68,0.52,,,,,0.04,,-0.08,,10.64,7.55,1.23,0.55,28.08,8.23,0.56,18.15,,,,,,,,,,,,,,,,,,,,,,,,,,,,,,,,,,,,,,,,,,,,,,,,,,,,,,
February 1998,28.37,1.60,26.78,10.62,0.27,8.34,7.15,0.45,,,,,0.04,,-0.09,,11.90,7.36,1.33,0.54,28.64,7.64,0.49,19.22,,,,,,,,,,,,,,,,,,,,,,,,,,,,,,,,,,,,,,,,,,,,,,,,,,,,,,
March 1998,34.48,1.88,32.61,12.23,0.29,10.70,8.81,0.64,,,,,0.03,,-0.09,,14.02,9.24,1.66,0.62,34.89,9.48,0.67,23.22,,,,,,,,,,,,,,,,,,,,,,,,,,,,,,,,,,,,,,,,,,,,,,,,,,,,,,
April 1998,25.85,1.49,24.36,9.47,0.20,7.63,6.80,0.30,,,,,0.04,,-0.07,,10.70,6.64,1.26,0.39,26.02,7.14,0.34,17.30,,,,,,,,,,,,,,,,,,,,,,,,,,,,,,,,,,,,,,,,,,,,,,,,,,,,,,
May 1998,23.52,1.40,22.12,8.15,0.28,6.93,6.61,0.19,,,,,0.04,,-0.07,,9.52,5.87,1.30,0.37,23.79,6.84,0.23,15.36,,,,,,,,,,,,,,,,,,,,,,,,,,,,,,,,,,,,,,,,,,,,,,,,,,,,,,
June 1998,27.83,1.57,26.26,8.56,0.30,9.22,8.11,0.12,,,,,0.03,,-0.09,,10.17,7.94,1.42,0.43,28.11,8.27,0.16,18.08,,,,,,,,,,,,,,,,,,,,,,,,,,,,,,,,,,,,,,,,,,,,,,,,,,,,,,
July 1998,23.29,1.29,22.00,8.14,0.17,7.83,5.79,0.12,,,,,0.03,,-0.08,,9.27,6.90,0.29,0.34,22.63,5.95,0.15,16.14,,,,,,,,,,,,,,,,,,,,,,,,,,,,,,,,,,,,,,,,,,,,,,,,,,,,,,
August 1998,23.02,1.32,21.70,7.08,0.17,7.71,6.53,0.26,,,,,0.04,,-0.08,,8.22,6.76,-0.03,0.34,22.01,6.82,0.30,14.95,,,,,,,,,,,,,,,,,,,,,,,,,,,,,,,,,,,,,,,,,,,,,,,,,,,,,,
September 1998,29.70,1.71,27.99,9.92,0.33,8.94,8.56,0.31,,,,,0.04,,-0.10,,11.03,8.20,0.59,0.41,28.99,8.91,0.34,19.18,,,,,,,,,,,,,,,,,,,,,,,,,,,,,,,,,,,,,,,,,,,,,,,,,,,,,,
October 1998,26.21,1.47,24.74,9.21,0.38,7.96,7.04,0.21,,,,,0.04,,-0.10,,10.31,7.28,1.08,0.51,26.33,7.29,0.25,17.55,,,,,,,,,,,,,,,,,,,,,,,,,,,,,,,,,,,,,,,,,,,,,,,,,,,,,,
November 1998,28.49,1.57,26.92,9.07,0.26,9.12,8.01,0.50,,,,,0.05,,-0.09,,10.23,8.26,1.15,0.54,28.61,8.56,0.55,18.45,,,,,,,,,,,,,,,,,,,,,,,,,,,,,,,,,,,,,,,,,,,,,,,,,,,,,,
December 1998,35.08,1.84,33.24,10.75,0.32,12.11,9.51,0.60,,,,,0.03,,-0.07,,12.22,11.00,1.45,0.66,35.35,10.14,0.63,23.18,,,,,,,,,,,,,,,,,,,,,,,,,,,,,,,,,,,,,,,,,,,,,,,,,,,,,,
January 1999,29.86,1.74,28.12,8.97,0.26,10.32,8.06,0.56,,,,,0.05,,-0.09,,10.25,9.34,0.90,0.62,29.65,8.67,0.61,19.54,,,,,,,,,,,,,,,,,,,,,,,,,,,,,,,,,,,,,,,,,,,,,,,,,,,,,,
February 1999,29.15,1.67,27.48,8.72,0.27,10.50,7.57,0.47,,,,,0.04,,-0.09,,10.12,9.42,1.17,0.61,29.26,8.08,0.51,19.49,,,,,,,,,,,,,,,,,,,,,,,,,,,,,,,,,,,,,,,,,,,,,,,,,,,,,,
March 1999,33.80,1.92,31.88,10.37,0.28,12.16,8.55,0.57,,,,,0.04,,-0.10,,11.96,10.92,1.55,0.71,34.13,9.16,0.61,22.82,,,,,,,,,,,,,,,,,,,,,,,,,,,,,,,,,,,,,,,,,,,,,,,,,,,,,,
April 1999,25.53,1.43,24.10,7.54,0.16,9.19,6.78,0.43,,,,,0.06,,-0.07,,8.71,8.23,1.20,0.45,25.74,7.28,0.49,16.89,,,,,,,,,,,,,,,,,,,,,,,,,,,,,,,,,,,,,,,,,,,,,,,,,,,,,,
May 1999,24.34,1.41,22.94,6.43,0.18,8.98,7.16,0.21,,,,,0.04,,-0.06,,7.74,7.89,1.23,0.43,24.59,7.41,0.25,15.59,,,,,,,,,,,,,,,,,,,,,,,,,,,,,,,,,,,,,,,,,,,,,,,,,,,,,,
June 1999,28.15,1.70,26.45,6.61,0.21,10.69,8.77,0.22,,,,,0.05,,-0.09,,8.10,9.45,1.28,0.49,28.22,9.04,0.27,17.51,,,,,,,,,,,,,,,,,,,,,,,,,,,,,,,,,,,,,,,,,,,,,,,,,,,,,,
July 1999,23.62,1.41,22.22,6.25,0.19,9.36,6.24,0.21,,,,,0.06,,-0.08,,7.26,8.57,1.02,0.40,23.63,6.51,0.27,15.79,,,,,,,,,,,,,,,,,,,,,,,,,,,,,,,,,,,,,,,,,,,,,,,,,,,,,,
August 1999,23.40,1.45,21.95,6.10,0.15,9.02,6.61,0.12,,,,,0.05,,-0.09,,7.02,8.28,1.19,0.39,23.54,6.78,0.17,15.27,,,,,,,,,,,,,,,,,,,,,,,,,,,,,,,,,,,,,,,,,,,,,,,,,,,,,,
September 1999,28.34,1.61,26.73,8.57,0.26,10.72,6.97,0.23,,,,,0.05,,-0.07,,10.11,9.49,1.09,0.48,28.29,7.24,0.28,19.55,,,,,,,,,,,,,,,,,,,,,,,,,,,,,,,,,,,,,,,,,,,,,,,,,,,,,,
October 1999,27.02,1.50,25.52,8.01,0.22,10.17,6.84,0.29,,,,,0.04,,-0.06,,9.50,8.95,1.20,0.58,27.30,7.18,0.33,18.40,,,,,,,,,,,,,,,,,,,,,,,,,,,,,,,,,,,,,,,,,,,,,,,,,,,,,,
November 1999,28.71,1.56,27.15,8.40,0.23,11.29,6.83,0.42,,,,,0.05,,-0.07,,9.82,10.15,1.08,0.62,28.84,7.30,0.47,19.92,,,,,,,,,,,,,,,,,,,,,,,,,,,,,,,,,,,,,,,,,,,,,,,,,,,,,,
December 1999,34.67,1.84,32.84,11.38,0.33,13.21,7.28,0.68,,,,,0.06,,-0.09,,12.91,12.07,1.35,0.75,34.93,8.01,0.73,24.91,,,,,,,,,,,,,,,,,,,,,,,,,,,,,,,,,,,,,,,,,,,,,,,,,,,,,,
January 2000,30.92,1.66,29.26,10.50,0.24,10.84,7.08,0.63,,,,,0.05,,-0.08,,11.78,9.86,0.79,0.70,30.75,7.75,0.68,21.58,,,,,,,,,,,,,,,,,,,,,,,,,,,,,,,,,,,,,,,,,,,,,,,,,,,,,,
February 2000,29.75,1.57,28.18,10.09,0.20,10.77,6.51,0.63,,,,,0.06,,-0.08,,11.31,9.81,1.05,0.68,29.90,7.19,0.69,21.06,,,,,,,,,,,,,,,,,,,,,,,,,,,,,,,,,,,,,,,,,,,,,,,,,,,,,,
March 2000,33.09,1.74,31.35,9.75,0.16,13.32,7.57,0.59,,,,,0.05,,-0.09,,10.98,12.30,1.40,0.75,33.51,8.21,0.64,23.23,,,,,,,,,,,,,,,,,,,,,,,,,,,,,,,,,,,,,,,,,,,,,,,,,,,,,,
April 2000,27.00,1.41,25.60,8.64,0.16,10.24,6.30,0.27,,,,,0.04,,-0.06,,9.68,9.41,1.02,0.57,27.19,6.61,0.31,19.04,,,,,,,,,,,,,,,,,,,,,,,,,,,,,,,,,,,,,,,,,,,,,,,,,,,,,,
May 2000,25.78,1.45,24.34,8.10,0.19,9.31,6.60,0.14,,,,,0.06,,-0.07,,9.47,8.18,1.29,0.54,26.17,6.80,0.20,17.60,,,,,,,,,,,,,,,,,,,,,,,,,,,,,,,,,,,,,,,,,,,,,,,,,,,,,,
June 2000,27.24,1.54,25.70,8.01,0.14,10.96,6.50,0.13,,,,,0.05,,-0.09,,9.18,9.98,1.47,0.58,27.74,6.68,0.18,19.11,,,,,,,,,,,,,,,,,,,,,,,,,,,,,,,,,,,,,,,,,,,,,,,,,,,,,,
July 2000,23.88,1.29,22.59,6.74,0.09,9.92,5.74,0.10,,,,,0.06,,-0.06,,8.00,8.79,1.11,0.58,24.28,5.90,0.16,16.75,,,,,,,,,,,,,,,,,,,,,,,,,,,,,,,,,,,,,,,,,,,,,,,,,,,,,,
August 2000,23.92,1.36,22.56,7.31,0.13,8.84,6.16,0.13,,,,,0.06,,-0.07,,8.60,7.73,1.22,0.58,24.36,6.34,0.18,16.28,,,,,,,,,,,,,,,,,,,,,,,,,,,,,,,,,,,,,,,,,,,,,,,,,,,,,,
September 2000,28.64,1.54,27.09,9.59,0.22,10.83,6.24,0.24,,,,,0.05,,-0.07,,10.70,9.98,1.39,0.69,29.18,6.53,0.29,20.63,,,,,,,,,,,,,,,,,,,,,,,,,,,,,,,,,,,,,,,,,,,,,,,,,,,,,,
October 2000,27.58,1.48,26.11,10.27,0.15,9.41,5.86,0.42,,,,,0.06,,-0.07,,11.10,8.79,1.01,0.77,27.89,6.34,0.47,19.84,,,,,,,,,,,,,,,,,,,,,,,,,,,,,,,,,,,,,,,,,,,,,,,,,,,,,,
November 2000,29.81,1.62,28.19,11.11,0.22,9.98,6.45,0.46,,,,,0.05,,-0.08,,11.95,9.42,1.07,0.83,30.10,6.96,0.51,21.31,,,,,,,,,,,,,,,,,,,,,,,,,,,,,,,,,,,,,,,,,,,,,,,,,,,,,,
December 2000,34.16,1.80,32.37,11.73,0.23,12.54,7.31,0.59,,,,,0.06,,-0.09,,12.72,11.86,1.35,0.95,34.67,7.95,0.65,24.50,,,,,,,,,,,,,,,,,,,,,,,,,,,,,,,,,,,,,,,,,,,,,,,,,,,,,,
January 2001,33.38,1.82,31.55,12.84,0.26,11.03,7.11,0.32,,,,,0.06,,-0.08,,13.90,10.29,1.01,0.79,33.35,7.50,0.38,24.14,,,,,,,,,,,,,,,,,,,,,,,,,,,,,,,,,,,,,,,,,,,,,,,,,,,,,,
February 2001,31.07,1.72,29.36,11.88,0.22,10.36,6.65,0.27,,,,,0.05,,-0.07,,12.83,9.67,0.97,0.73,31.05,6.98,0.33,22.45,,,,,,,,,,,,,,,,,,,,,,,,,,,,,,,,,,,,,,,,,,,,,,,,,,,,,,
March 2001,34.61,1.89,32.72,13.35,0.35,11.64,7.22,0.23,,,,,0.05,,-0.11,,14.50,10.88,1.27,0.82,34.80,7.49,0.28,25.34,,,,,,,,,,,,,,,,,,,,,,,,,,,,,,,,,,,,,,,,,,,,,,,,,,,,,,
April 2001,28.79,1.46,27.33,9.77,0.19,10.61,6.57,0.19,,,,,0.05,,-0.05,,10.70,9.92,0.77,0.70,28.79,6.80,0.23,20.57,,,,,,,,,,,,,,,,,,,,,,,,,,,,,,,,,,,,,,,,,,,,,,,,,,,,,,
May 2001,25.83,1.30,24.53,8.64,0.13,9.81,5.84,0.11,,,,,0.05,,-0.05,,9.46,9.17,0.83,0.63,25.99,5.99,0.16,18.59,,,,,,,,,,,,,,,,,,,,,,,,,,,,,,,,,,,,,,,,,,,,,,,,,,,,,,
June 2001,27.21,1.40,25.80,8.42,0.13,10.95,6.18,0.12,,,,,0.06,,-0.06,,9.35,10.22,1.03,0.66,27.49,6.36,0.18,19.51,,,,,,,,,,,,,,,,,,,,,,,,,,,,,,,,,,,,,,,,,,,,,,,,,,,,,,
July 2001,24.87,1.31,23.56,7.57,0.13,9.40,6.33,0.13,,,,,0.06,,-0.04,,8.32,8.83,0.84,0.64,25.05,6.52,0.19,17.09,,,,,,,,,,,,,,,,,,,,,,,,,,,,,,,,,,,,,,,,,,,,,,,,,,,,,,
August 2001,24.65,1.44,23.21,7.37,0.14,8.62,6.94,0.15,,,,,0.06,,-0.08,,8.14,8.06,1.03,0.63,24.87,7.15,0.21,16.14,,,,,,,,,,,,,,,,,,,,,,,,,,,,,,,,,,,,,,,,,,,,,,,,,,,,,,
September 2001,28.71,1.62,27.10,8.93,0.14,10.51,7.35,0.18,,,,,0.06,,-0.08,,9.94,9.70,0.77,0.74,28.61,7.59,0.24,19.58,,,,,,,,,,,,,,,,,,,,,,,,,,,,,,,,,,,,,,,,,,,,,,,,,,,,,,
October 2001,27.53,1.54,26.00,8.15,0.11,9.90,7.31,0.54,,,,,0.05,,-0.07,,8.99,9.23,0.95,0.72,27.67,7.90,0.59,18.17,,,,,,,,,,,,,,,,,,,,,,,,,,,,,,,,,,,,,,,,,,,,,,,,,,,,,,
November 2001,30.82,1.71,29.11,10.74,0.14,10.47,7.25,0.51,,,,,0.06,,-0.07,,11.68,9.74,0.48,0.81,30.39,7.82,0.57,21.36,,,,,,,,,,,,,,,,,,,,,,,,,,,,,,,,,,,,,,,,,,,,,,,,,,,,,,
December 2001,35.59,2.07,33.52,13.63,0.24,10.99,8.23,0.46,,,,,0.07,,-0.11,,14.75,10.19,0.47,0.93,34.92,8.77,0.53,24.86,,,,,,,,,,,,,,,,,,,,,,,,,,,,,,,,,,,,,,,,,,,,,,,,,,,,,,
January 2002,31.85,1.78,30.07,12.61,0.09,9.78,7.10,0.51,,,,,0.07,,-0.09,,13.58,8.97,0.42,0.67,31.17,7.68,0.58,22.48,,,,,,,,,,,,,,,,,,,,,,,,,,,,,,,,,,,,,,,,,,,,,,,,,,,,,,
February 2002,30.26,1.68,28.58,10.52,0.14,10.07,7.22,0.64,,,,,0.07,,-0.07,,11.57,9.22,0.56,0.64,29.78,7.93,0.71,20.72,,,,,,,,,,,,,,,,,,,,,,,,,,,,,,,,,,,,,,,,,,,,,,,,,,,,,,
March 2002,35.86,1.88,33.98,11.65,0.15,13.31,8.34,0.53,,,,,0.07,,-0.08,,12.93,12.25,0.84,0.76,35.57,8.95,0.60,25.11,,,,,,,,,,,,,,,,,,,,,,,,,,,,,,,,,,,,,,,,,,,,,,,,,,,,,,
April 2002,26.59,1.40,25.19,7.08,0.12,10.83,6.89,0.27,,,,,0.05,,-0.06,,8.20,9.88,0.65,0.56,26.40,7.22,0.33,18.03,,,,,,,,,,,,,,,,,,,,,,,,,,,,,,,,,,,,,,,,,,,,,,,,,,,,,,
May 2002,25.26,1.37,23.89,7.21,0.11,10.55,5.72,0.31,,,,,0.06,,-0.07,,8.26,9.67,1.14,0.53,25.56,6.09,0.38,17.87,,,,,,,,,,,,,,,,,,,,,,,,,,,,,,,,,,,,,,,,,,,,,,,,,,,,,,
June 2002,29.66,1.62,28.03,8.15,0.12,12.16,7.28,0.34,,,,,0.07,,-0.08,,9.31,11.18,0.99,0.63,29.65,7.69,0.41,20.42,,,,,,,,,,,,,,,,,,,,,,,,,,,,,,,,,,,,,,,,,,,,,,,,,,,,,,
July 2002,25.48,1.38,24.10,7.36,0.09,10.46,5.99,0.20,,,,,0.06,,-0.07,,8.38,9.60,0.07,0.51,24.68,6.25,0.26,17.91,,,,,,,,,,,,,,,,,,,,,,,,,,,,,,,,,,,,,,,,,,,,,,,,,,,,,,
August 2002,24.62,1.37,23.25,6.42,0.09,10.36,6.26,0.13,,,,,0.06,,-0.07,,7.44,9.50,0.22,0.49,23.96,6.45,0.19,16.87,,,,,,,,,,,,,,,,,,,,,,,,,,,,,,,,,,,,,,,,,,,,,,,,,,,,,,
September 2002,30.51,1.65,28.86,9.26,0.16,12.53,6.79,0.15,,,,,0.07,,-0.09,,10.51,11.50,0.35,0.61,29.81,7.01,0.22,21.94,,,,,,,,,,,,,,,,,,,,,,,,,,,,,,,,,,,,,,,,,,,,,,,,,,,,,,
October 2002,28.00,1.51,26.49,10.63,0.16,10.21,5.32,0.18,,,,,0.07,,-0.07,,11.72,9.34,0.60,0.64,27.74,5.56,0.25,21.00,,,,,,,,,,,,,,,,,,,,,,,,,,,,,,,,,,,,,,,,,,,,,,,,,,,,,,
November 2002,29.54,1.56,27.98,11.35,0.17,10.25,5.82,0.38,,,,,0.07,,-0.07,,12.43,9.42,1.21,0.68,29.86,6.28,0.46,21.77,,,,,,,,,,,,,,,,,,,,,,,,,,,,,,,,,,,,,,,,,,,,,,,,,,,,,,
December 2002,36.37,2.00,34.37,13.16,0.24,12.36,8.36,0.27,,,,,0.07,,-0.09,,14.47,11.36,1.36,0.83,36.56,8.71,0.34,25.76,,,,,,,,,,,,,,,,,,,,,,,,,,,,,,,,,,,,,,,,,,,,,,,,,,,,,,
January 2003,31.86,1.79,30.07,11.93,0.24,10.25,7.32,0.30,,,,,0.10,,-0.07,,13.14,9.37,0.61,1.02,31.70,7.73,0.41,22.41,,,,,,,,,,,,,,,,,,,,,,,,,,,,,,,,,,,,,,,,,,,,,,,,,,,,,,
February 2003,32.02,1.81,30.21,12.61,0.22,9.88,7.23,0.25,,,,,0.09,,-0.08,,13.62,9.17,0.13,1.02,31.36,7.58,0.34,22.71,,,,,,,,,,,,,,,,,,,,,,,,,,,,,,,,,,,,,,,,,,,,,,,,,,,,,,
March 2003,35.12,1.93,33.19,13.15,0.14,11.57,8.09,0.23,,,,,0.09,,-0.08,,14.35,10.60,0.06,1.12,34.37,8.41,0.31,24.86,,,,,,,,,,,,,,,,,,,,,,,,,,,,,,,,,,,,,,,,,,,,,,,,,,,,,,
April 2003,27.83,1.57,26.25,10.37,0.28,8.91,6.58,0.09,,,,,0.09,,-0.06,,11.46,8.19,0.12,0.91,27.28,6.76,0.18,19.55,,,,,,,,,,,,,,,,,,,,,,,,,,,,,,,,,,,,,,,,,,,,,,,,,,,,,,
May 2003,26.09,1.44,24.65,8.45,0.07,9.36,6.45,0.29,,,,,0.08,,-0.06,,9.28,8.69,0.30,0.86,25.80,6.82,0.37,17.88,,,,,,,,,,,,,,,,,,,,,,,,,,,,,,,,,,,,,,,,,,,,,,,,,,,,,,
June 2003,30.49,1.70,28.79,8.86,0.11,11.97,7.70,0.15,,,,,0.08,,-0.08,,9.99,11.03,-0.11,1.00,29.68,7.92,0.22,20.94,,,,,,,,,,,,,,,,,,,,,,,,,,,,,,,,,,,,,,,,,,,,,,,,,,,,,,
July 2003,25.78,1.47,24.31,8.58,0.12,10.02,5.46,0.13,,,,,0.08,,-0.08,,9.69,9.10,0.05,0.79,25.15,5.67,0.21,18.72,,,,,,,,,,,,,,,,,,,,,,,,,,,,,,,,,,,,,,,,,,,,,,,,,,,,,,
August 2003,24.93,1.46,23.47,7.78,0.10,9.73,5.74,0.13,,,,,0.07,,-0.09,,8.41,9.27,0.28,0.76,24.52,5.95,0.20,17.61,,,,,,,,,,,,,,,,,,,,,,,,,,,,,,,,,,,,,,,,,,,,,,,,,,,,,,
September 2003,31.62,1.79,29.82,8.69,0.12,12.87,8.04,0.12,,,,,0.08,,-0.09,,9.60,12.16,-0.56,0.97,30.24,8.23,0.20,21.68,,,,,,,,,,,,,,,,,,,,,,,,,,,,,,,,,,,,,,,,,,,,,,,,,,,,,,
October 2003,29.35,1.62,27.72,11.13,0.14,10.53,5.73,0.18,,,,,0.09,,-0.08,,12.20,9.69,-0.01,1.05,28.77,6.01,0.27,21.79,,,,,,,,,,,,,,,,,,,,,,,,,,,,,,,,,,,,,,,,,,,,,,,,,,,,,,
November 2003,30.30,1.65,28.65,11.69,0.15,10.58,5.93,0.27,,,,,0.09,,-0.07,,12.75,9.76,0.34,1.08,30.06,6.30,0.37,22.42,,,,,,,,,,,,,,,,,,,,,,,,,,,,,,,,,,,,,,,,,,,,,,,,,,,,,,
December 2003,37.23,2.06,35.18,14.46,0.27,12.37,7.63,0.42,,,,,0.11,,-0.09,,15.70,11.51,0.95,1.33,37.46,8.16,0.53,27.10,,,,,,,,,,,,,,,,,,,,,,,,,,,,,,,,,,,,,,,,,,,,,,,,,,,,,,
January 2004,31.97,1.72,30.25,12.53,0.17,10.32,6.63,0.54,,,,,0.13,,-0.07,,13.23,9.92,0.71,0.86,31.81,7.31,0.68,23.02,,,,,,,,,,,,,,,,,,,,,,,,,,,,,,,,,,,,,,,,,,,,,,,,,,,,,,
February 2004,31.79,1.71,30.08,11.98,0.12,10.96,6.55,0.43,,,,,0.12,,-0.08,,12.59,10.59,0.55,0.85,31.48,7.10,0.55,23.06,,,,,,,,,,,,,,,,,,,,,,,,,,,,,,,,,,,,,,,,,,,,,,,,,,,,,,
March 2004,37.83,2.06,35.77,14.04,0.15,12.75,8.49,0.29,,,,,0.13,,-0.09,,14.89,12.18,0.03,1.01,36.81,8.92,0.42,26.94,,,,,,,,,,,,,,,,,,,,,,,,,,,,,,,,,,,,,,,,,,,,,,,,,,,,,,
April 2004,27.53,1.44,26.09,9.11,0.11,10.74,5.85,0.24,,,,,0.10,,-0.06,,9.96,10.10,0.52,0.84,27.46,6.20,0.35,19.96,,,,,,,,,,,,,,,,,,,,,,,,,,,,,,,,,,,,,,,,,,,,,,,,,,,,,,
May 2004,25.63,1.35,24.28,7.73,0.11,10.94,5.31,0.16,,,,,0.11,,-0.07,,8.43,10.45,0.41,0.78,25.47,5.58,0.27,18.77,,,,,,,,,,,,,,,,,,,,,,,,,,,,,,,,,,,,,,,,,,,,,,,,,,,,,,
June 2004,25.75,1.45,24.30,6.74,0.11,11.34,5.97,0.12,,,,,0.10,,-0.08,,7.71,10.58,0.99,0.79,26.08,6.19,0.22,18.19,,,,,,,,,,,,,,,,,,,,,,,,,,,,,,,,,,,,,,,,,,,,,,,,,,,,,,
July 2004,26.88,1.46,25.42,6.91,0.11,12.35,5.91,0.15,,,,,0.09,,-0.08,,7.99,11.46,0.75,0.73,26.90,6.14,0.24,19.36,,,,,,,,,,,,,,,,,,,,,,,,,,,,,,,,,,,,,,,,,,,,,,,,,,,,,,
August 2004,27.11,1.43,25.68,7.71,0.12,12.02,5.59,0.23,,,,,0.10,,-0.08,,8.86,11.08,0.72,0.74,27.14,5.92,0.33,19.84,,,,,,,,,,,,,,,,,,,,,,,,,,,,,,,,,,,,,,,,,,,,,,,,,,,,,,
September 2004,27.40,1.41,25.99,9.37,0.08,10.42,5.70,0.38,,,,,0.11,,-0.06,,10.21,9.77,0.58,0.74,27.32,6.18,0.49,19.87,,,,,,,,,,,,,,,,,,,,,,,,,,,,,,,,,,,,,,,,,,,,,,,,,,,,,,
October 2004,30.24,1.56,28.69,9.97,0.17,12.50,5.53,0.50,,,,,0.11,,-0.08,,11.21,11.53,1.12,0.86,30.66,6.13,0.61,22.63,,,,,,,,,,,,,,,,,,,,,,,,,,,,,,,,,,,,,,,,,,,,,,,,,,,,,,
November 2004,32.21,1.68,30.53,12.21,0.16,12.11,5.62,0.39,,,,,0.13,,-0.08,,13.54,11.06,0.65,0.91,32.09,6.13,0.51,24.47,,,,,,,,,,,,,,,,,,,,,,,,,,,,,,,,,,,,,,,,,,,,,,,,,,,,,,
December 2004,33.98,1.82,32.16,13.64,0.14,11.32,6.53,0.47,,,,,0.14,,-0.09,,14.99,10.26,0.70,0.96,33.82,7.14,0.61,25.10,,,,,,,,,,,,,,,,,,,,,,,,,,,,,,,,,,,,,,,,,,,,,,,,,,,,,,
January 2005,34.28,1.86,32.43,12.84,0.15,11.00,7.65,0.61,,,,,0.26,,-0.08,,13.77,10.47,0.60,0.79,33.82,8.52,0.87,23.99,,,,,,,,,,,,,,,,,,,,,,,,,,,,,,,,,,,,,,,,,,,,,,,,,,,,,,
February 2005,32.32,1.80,30.52,13.35,0.23,10.00,6.36,0.41,,,,,0.26,,-0.08,,14.29,9.54,0.26,0.74,31.52,7.02,0.66,23.58,,,,,,,,,,,,,,,,,,,,,,,,,,,,,,,,,,,,,,,,,,,,,,,,,,,,,,
March 2005,33.66,1.95,31.72,13.46,0.28,10.81,6.68,0.32,,,,,0.26,,-0.09,,14.49,10.31,0.54,0.77,33.02,7.26,0.57,24.55,,,,,,,,,,,,,,,,,,,,,,,,,,,,,,,,,,,,,,,,,,,,,,,,,,,,,,
April 2005,29.73,1.54,28.19,10.08,0.07,11.88,5.76,0.29,,,,,0.21,,-0.10,,10.94,11.30,0.58,0.69,29.46,6.26,0.50,22.03,,,,,,,,,,,,,,,,,,,,,,,,,,,,,,,,,,,,,,,,,,,,,,,,,,,,,,
May 2005,27.80,1.42,26.37,7.69,0.06,12.11,6.12,0.26,,,,,0.18,,-0.06,,8.60,11.45,0.94,0.65,27.96,6.56,0.44,19.87,,,,,,,,,,,,,,,,,,,,,,,,,,,,,,,,,,,,,,,,,,,,,,,,,,,,,,
June 2005,26.99,1.51,25.48,7.53,0.10,11.18,6.36,0.23,,,,,0.15,,-0.07,,8.31,10.65,0.60,0.63,26.71,6.74,0.38,18.81,,,,,,,,,,,,,,,,,,,,,,,,,,,,,,,,,,,,,,,,,,,,,,,,,,,,,,
July 2005,27.08,1.44,25.64,6.68,0.09,12.24,6.41,0.13,,,,,0.15,,-0.06,,7.52,11.64,0.57,0.68,26.88,6.69,0.28,19.01,,,,,,,,,,,,,,,,,,,,,,,,,,,,,,,,,,,,,,,,,,,,,,,,,,,,,,
August 2005,26.56,1.45,25.11,6.71,0.07,11.20,6.91,0.13,,,,,0.15,,-0.06,,7.47,10.65,0.99,0.66,26.76,7.19,0.28,17.97,,,,,,,,,,,,,,,,,,,,,,,,,,,,,,,,,,,,,,,,,,,,,,,,,,,,,,
September 2005,27.11,1.43,25.68,6.93,0.13,12.84,5.44,0.25,,,,,0.16,,-0.07,,7.79,12.27,0.38,0.68,26.75,5.85,0.41,19.90,,,,,,,,,,,,,,,,,,,,,,,,,,,,,,,,,,,,,,,,,,,,,,,,,,,,,,
October 2005,29.38,1.58,27.80,9.28,0.14,12.76,5.13,0.40,,,,,0.18,,-0.08,,10.12,12.24,0.90,0.69,29.39,5.72,0.59,22.17,,,,,,,,,,,,,,,,,,,,,,,,,,,,,,,,,,,,,,,,,,,,,,,,,,,,,,
November 2005,32.70,1.87,30.84,13.95,0.45,9.97,5.85,0.46,,,,,0.25,,-0.08,,15.11,9.49,1.02,0.76,32.61,6.56,0.71,24.36,,,,,,,,,,,,,,,,,,,,,,,,,,,,,,,,,,,,,,,,,,,,,,,,,,,,,,
December 2005,34.60,2.13,32.47,16.30,0.64,8.53,6.51,0.34,,,,,0.27,,-0.11,,17.58,8.15,0.94,0.80,34.21,7.12,0.62,25.46,,,,,,,,,,,,,,,,,,,,,,,,,,,,,,,,,,,,,,,,,,,,,,,,,,,,,,
January 2006,35.70,2.28,33.41,16.16,0.58,9.01,7.09,0.38,,,,,0.30,,-0.11,,17.26,8.79,0.76,0.88,35.06,7.77,0.68,25.75,,,,,,,,,,,,,,,,,,,,,,,,,,,,,,,,,,,,,,,,,,,,,,,,,,,,,,
February 2006,32.35,2.01,30.34,14.58,0.25,8.85,6.25,0.25,,,,,0.26,,-0.11,,15.45,8.50,0.22,0.81,31.37,6.76,0.51,23.68,,,,,,,,,,,,,,,,,,,,,,,,,,,,,,,,,,,,,,,,,,,,,,,,,,,,,,
March 2006,34.80,2.26,32.54,15.91,0.53,8.51,7.18,0.25,,,,,0.29,,-0.12,,17.00,8.24,0.85,0.87,34.26,7.72,0.54,24.94,,,,,,,,,,,,,,,,,,,,,,,,,,,,,,,,,,,,,,,,,,,,,,,,,,,,,,
April 2006,28.20,1.65,26.55,9.77,0.19,9.82,6.34,0.31,,,,,0.20,,-0.07,,11.01,8.96,1.19,0.80,28.54,6.85,0.51,19.77,,,,,,,,,,,,,,,,,,,,,,,,,,,,,,,,,,,,,,,,,,,,,,,,,,,,,,
May 2006,27.70,1.70,25.99,9.65,0.15,9.57,6.23,0.27,,,,,0.20,,-0.09,,10.85,8.73,1.14,0.77,27.91,6.71,0.47,19.38,,,,,,,,,,,,,,,,,,,,,,,,,,,,,,,,,,,,,,,,,,,,,,,,,,,,,,
June 2006,26.48,1.60,24.88,8.20,0.17,10.63,5.63,0.17,,,,,0.17,,-0.09,,9.42,9.75,0.53,0.74,26.15,5.98,0.34,19.00,,,,,,,,,,,,,,,,,,,,,,,,,,,,,,,,,,,,,,,,,,,,,,,,,,,,,,
July 2006,27.33,1.78,25.55,9.13,0.30,10.10,5.84,0.12,,,,,0.18,,-0.12,,10.46,9.24,0.50,0.75,26.81,6.14,0.30,19.53,,,,,,,,,,,,,,,,,,,,,,,,,,,,,,,,,,,,,,,,,,,,,,,,,,,,,,
August 2006,26.65,1.65,25.00,8.20,0.12,10.28,6.21,0.12,,,,,0.16,,-0.10,,9.11,9.65,0.72,0.73,26.45,6.49,0.28,18.60,,,,,,,,,,,,,,,,,,,,,,,,,,,,,,,,,,,,,,,,,,,,,,,,,,,,,,
September 2006,27.68,1.61,26.07,8.66,0.13,11.75,5.19,0.27,,,,,0.16,,-0.09,,9.70,11.01,0.40,0.76,27.23,5.62,0.43,20.55,,,,,,,,,,,,,,,,,,,,,,,,,,,,,,,,,,,,,,,,,,,,,,,,,,,,,,
October 2006,28.99,1.63,27.36,9.36,0.22,13.28,4.04,0.38,,,,,0.18,,-0.10,,10.82,12.21,0.73,0.87,28.96,4.61,0.56,22.85,,,,,,,,,,,,,,,,,,,,,,,,,,,,,,,,,,,,,,,,,,,,,,,,,,,,,,
November 2006,31.83,1.86,29.98,13.96,0.26,10.76,4.32,0.51,,,,,0.27,,-0.10,,15.29,9.96,0.71,0.95,31.63,5.09,0.78,24.98,,,,,,,,,,,,,,,,,,,,,,,,,,,,,,,,,,,,,,,,,,,,,,,,,,,,,,
December 2006,33.53,1.92,31.61,14.22,0.23,11.44,4.90,0.64,,,,,0.28,,-0.09,,15.51,10.65,0.19,1.00,32.79,5.82,0.91,25.88,,,,,,,,,,,,,,,,,,,,,,,,,,,,,,,,,,,,,,,,,,,,,,,,,,,,,,
January 2007,34.68,1.99,32.69,14.48,0.21,11.69,5.03,0.66,0.47,,,,0.23,,-0.09,,15.76,10.87,0.30,1.15,34.14,6.39,1.37,26.39,,,,,,,,,,,,,,,,,,,,,,,,,,,,,,,,,,,,,,,,,,,,,,,,,,,,,,
February 2007,31.17,1.73,29.44,10.68,0.18,13.28,4.49,0.42,0.28,,,,0.21,,-0.10,,11.96,12.38,0.24,1.03,30.72,5.40,0.91,24.13,,,,,,,,,,,,,,,,,,,,,,,,,,,,,,,,,,,,,,,,,,,,,,,,,,,,,,
March 2007,32.43,1.76,30.68,10.90,0.20,13.90,4.61,0.57,0.38,,,,0.22,,-0.09,,12.23,12.99,0.58,1.08,32.33,5.78,1.17,24.99,,,,,,,,,,,,,,,,,,,,,,,,,,,,,,,,,,,,,,,,,,,,,,,,,,,,,,
April 2007,28.21,1.50,26.71,7.45,0.14,14.26,4.36,0.23,0.20,,,,0.15,,-0.08,,8.68,13.32,-0.09,0.99,27.61,4.95,0.58,21.84,,,,,,,,,,,,,,,,,,,,,,,,,,,,,,,,,,,,,,,,,,,,,,,,,,,,,,
May 2007,28.37,1.62,26.75,8.94,0.13,12.69,4.43,0.24,0.26,,,,0.15,,-0.10,,10.11,11.81,0.28,0.99,28.02,5.09,0.66,21.76,,,,,,,,,,,,,,,,,,,,,,,,,,,,,,,,,,,,,,,,,,,,,,,,,,,,,,
June 2007,26.47,1.56,24.91,6.66,0.17,12.75,4.94,0.18,0.16,,,,0.14,,-0.10,,7.75,11.97,0.70,0.93,26.54,5.43,0.49,19.58,,,,,,,,,,,,,,,,,,,,,,,,,,,,,,,,,,,,,,,,,,,,,,,,,,,,,,
July 2007,27.05,1.73,25.32,8.45,0.14,10.68,5.55,0.22,0.24,,,,0.15,,-0.11,,9.41,10.01,0.78,0.97,27.07,6.16,0.61,19.27,,,,,,,,,,,,,,,,,,,,,,,,,,,,,,,,,,,,,,,,,,,,,,,,,,,,,,
August 2007,26.57,1.69,24.88,8.17,0.17,11.02,4.99,0.25,0.28,,,,0.13,,-0.12,,9.25,10.23,1.06,0.96,26.90,5.64,0.66,19.35,,,,,,,,,,,,,,,,,,,,,,,,,,,,,,,,,,,,,,,,,,,,,,,,,,,,,,
September 2007,27.01,1.63,25.38,8.28,0.16,11.16,5.19,0.25,0.29,,,,0.14,,-0.10,,8.88,10.87,0.82,0.98,27.17,5.87,0.68,19.61,,,,,,,,,,,,,,,,,,,,,,,,,,,,,,,,,,,,,,,,,,,,,,,,,,,,,,
October 2007,31.01,1.86,29.15,11.65,0.33,12.17,4.49,0.25,0.23,,,,0.15,,-0.12,,12.48,11.82,0.34,1.11,30.60,5.12,0.63,24.15,,,,,,,,,,,,,,,,,,,,,,,,,,,,,,,,,,,,,,,,,,,,,,,,,,,,,,
November 2007,33.44,1.99,31.45,14.24,0.39,11.47,4.54,0.36,0.33,,,,0.21,,-0.10,,15.57,10.74,0.35,1.19,32.98,5.45,0.91,26.10,,,,,,,,,,,,,,,,,,,,,,,,,,,,,,,,,,,,,,,,,,,,,,,,,,,,,,
December 2007,34.90,2.10,32.81,15.47,0.31,11.39,4.63,0.46,0.45,,,,0.21,,-0.12,,16.72,10.66,-0.14,1.25,33.91,5.76,1.12,27.17,,,,,,,,,,,,,,,,,,,,,,,,,,,,,,,,,,,,,,,,,,,,,,,,,,,,,,
January 2008,34.42,1.86,32.56,11.42,0.26,14.90,4.61,0.62,0.64,,,,0.20,,-0.10,,11.98,14.81,0.93,1.26,34.76,6.08,1.47,26.59,,,,,,,,,,,,,,,,,,,,,,,,,,,,,,,,,,,,,,,,,,,,,,,,,,,,,,
February 2008,31.88,1.70,30.19,10.23,0.20,14.17,4.48,0.52,0.47,,,,0.22,,-0.09,,10.72,14.09,0.81,1.17,32.16,5.69,1.21,24.59,,,,,,,,,,,,,,,,,,,,,,,,,,,,,,,,,,,,,,,,,,,,,,,,,,,,,,
March 2008,32.61,1.70,30.92,10.82,0.18,14.68,4.05,0.55,0.56,,,,0.18,,-0.10,,11.25,14.61,0.67,1.20,32.79,5.34,1.29,25.67,,,,,,,,,,,,,,,,,,,,,,,,,,,,,,,,,,,,,,,,,,,,,,,,,,,,,,
April 2008,30.02,1.60,28.41,11.11,0.23,13.02,3.21,0.37,0.36,,,,0.20,,-0.09,,11.66,12.90,0.89,1.15,30.46,4.15,0.94,24.35,,,,,,,,,,,,,,,,,,,,,,,,,,,,,,,,,,,,,,,,,,,,,,,,,,,,,,
May 2008,26.62,1.50,25.11,7.41,0.23,12.99,3.94,0.17,0.27,,,,0.19,,-0.10,,7.95,12.87,1.40,1.02,27.53,4.58,0.63,20.64,,,,,,,,,,,,,,,,,,,,,,,,,,,,,,,,,,,,,,,,,,,,,,,,,,,,,,
June 2008,25.47,1.46,24.01,6.85,0.24,12.50,3.92,0.11,0.32,,,,0.18,,-0.11,,7.39,12.38,1.27,0.97,26.25,4.52,0.60,19.59,,,,,,,,,,,,,,,,,,,,,,,,,,,,,,,,,,,,,,,,,,,,,,,,,,,,,,
July 2008,26.42,1.53,24.88,7.16,0.23,13.38,3.60,0.13,0.35,,,,0.17,,-0.12,,7.66,13.27,1.35,1.05,27.28,4.25,0.65,20.76,,,,,,,,,,,,,,,,,,,,,,,,,,,,,,,,,,,,,,,,,,,,,,,,,,,,,,
August 2008,26.13,1.47,24.65,5.82,0.29,14.06,3.90,0.19,0.33,,,,0.17,,-0.11,,6.34,14.00,1.26,1.04,26.95,4.59,0.70,20.17,,,,,,,,,,,,,,,,,,,,,,,,,,,,,,,,,,,,,,,,,,,,,,,,,,,,,,
September 2008,26.60,1.58,25.02,8.04,0.47,12.43,3.47,0.24,0.31,,,,0.18,,-0.12,,8.85,12.27,1.11,1.06,27.18,4.19,0.73,20.94,,,,,,,,,,,,,,,,,,,,,,,,,,,,,,,,,,,,,,,,,,,,,,,,,,,,,,
October 2008,30.21,1.75,28.46,10.14,0.40,12.90,3.85,0.42,0.64,,,,0.22,,-0.12,,11.04,12.62,0.58,1.22,30.25,5.13,1.28,23.44,,,,,,,,,,,,,,,,,,,,,,,,,,,,,,,,,,,,,,,,,,,,,,,,,,,,,,
November 2008,31.17,1.83,29.34,11.93,0.52,11.92,3.85,0.44,0.60,,,,0.20,,-0.11,,12.75,11.81,0.56,1.25,31.15,5.09,1.24,24.36,,,,,,,,,,,,,,,,,,,,,,,,,,,,,,,,,,,,,,,,,,,,,,,,,,,,,,
December 2008,33.70,2.04,31.66,13.27,0.64,11.86,4.79,0.45,0.52,,,,0.24,,-0.12,,14.23,11.79,0.20,1.35,33.21,6.00,1.21,25.78,,,,,,,,,,,,,,,,,,,,,,,,,,,,,,,,,,,,,,,,,,,,,,,,,,,,,,
January 2009,34.52,2.05,32.48,14.92,0.63,11.58,4.03,0.48,0.71,,,,0.24,,-0.11,,15.17,11.51,0.08,1.51,34.07,5.47,1.44,27.12,,,,,,,,,,,,,,,,,,,,,,,,,,,,,,,,,,,,,,,,,,,,,,,,,,,,,,
February 2009,30.92,1.90,29.01,12.27,0.40,10.20,5.22,0.32,0.48,,,,0.23,,-0.11,,12.48,10.16,0.20,1.35,30.56,6.25,1.03,22.87,,,,,,,,,,,,,,,,,,,,,,,,,,,,,,,,,,,,,,,,,,,,,,,,,,,,,,
March 2009,31.08,1.84,29.24,9.63,0.30,11.86,6.15,0.49,0.67,,,,0.25,,-0.11,,9.68,11.75,0.29,1.36,30.90,7.56,1.41,21.79,,,,,,,,,,,,,,,,,,,,,,,,,,,,,,,,,,,,,,,,,,,,,,,,,,,,,,
April 2009,26.19,1.48,24.72,6.37,0.19,11.44,5.86,0.32,0.42,,,,0.19,,-0.07,,6.34,11.42,0.85,1.24,26.81,6.78,0.92,18.01,,,,,,,,,,,,,,,,,,,,,,,,,,,,,,,,,,,,,,,,,,,,,,,,,,,,,,
May 2009,25.47,1.45,24.02,5.86,0.21,12.02,4.91,0.28,0.63,,,,0.19,,-0.09,,5.76,11.96,1.22,1.21,26.44,6.01,1.10,18.10,,,,,,,,,,,,,,,,,,,,,,,,,,,,,,,,,,,,,,,,,,,,,,,,,,,,,,
June 2009,25.37,1.52,23.85,5.97,0.17,11.47,5.68,0.12,0.36,,,,0.18,,-0.09,,6.04,11.42,0.71,1.20,25.76,6.34,0.66,17.61,,,,,,,,,,,,,,,,,,,,,,,,,,,,,,,,,,,,,,,,,,,,,,,,,,,,,,
July 2009,25.59,1.51,24.08,5.11,0.21,12.43,5.72,0.15,0.39,,,,0.18,,-0.10,,5.59,12.34,0.66,1.40,26.15,6.43,0.71,17.75,,,,,,,,,,,,,,,,,,,,,,,,,,,,,,,,,,,,,,,,,,,,,,,,,,,,,,
August 2009,25.52,1.44,24.08,4.54,0.19,12.85,5.53,0.34,0.56,,,,0.17,,-0.09,,4.97,12.78,0.37,1.40,25.85,6.60,1.07,17.57,,,,,,,,,,,,,,,,,,,,,,,,,,,,,,,,,,,,,,,,,,,,,,,,,,,,,,
September 2009,26.07,1.47,24.60,5.24,0.25,13.26,4.85,0.43,0.54,,,,0.13,,-0.10,,5.78,13.11,-0.22,1.43,25.81,5.95,1.10,18.75,,,,,,,,,,,,,,,,,,,,,,,,,,,,,,,,,,,,,,,,,,,,,,,,,,,,,,
October 2009,28.99,1.57,27.42,7.94,0.28,13.71,4.52,0.37,0.51,,,,0.18,,-0.10,,8.54,13.57,-0.68,1.43,28.17,5.59,1.06,21.93,,,,,,,,,,,,,,,,,,,,,,,,,,,,,,,,,,,,,,,,,,,,,,,,,,,,,,
November 2009,29.86,1.59,28.27,7.15,0.28,14.32,5.06,0.57,0.73,,,,0.24,,-0.09,,7.83,14.18,-0.31,1.47,29.44,6.60,1.54,21.76,,,,,,,,,,,,,,,,,,,,,,,,,,,,,,,,,,,,,,,,,,,,,,,,,,,,,,
December 2009,32.42,1.77,30.65,9.25,0.25,14.85,5.23,0.40,0.55,,,,0.23,,-0.11,,9.88,14.71,-0.31,1.60,31.93,6.41,1.18,24.35,,,,,,,,,,,,,,,,,,,,,,,,,,,,,,,,,,,,,,,,,,,,,,,,,,,,,,
January 2010,35.80,1.99,33.81,11.94,0.31,14.66,5.77,0.23,0.72,0.49,0.23,,0.30,,-0.11,,12.44,14.54,-0.73,1.48,34.56,7.01,1.24,26.90,,,,,,,,,,,,,,,,,,,,,,,,,,,,,,,,,,,,,,,,,,,,,,,,,,,,,,
February 2010,31.33,1.72,29.61,10.40,0.22,13.27,4.99,0.16,0.44,0.25,0.19,,0.24,,-0.10,,10.75,13.19,-0.55,1.30,30.36,5.82,0.83,23.89,,,,,,,,,,,,,,,,,,,,,,,,,,,,,,,,,,,,,,,,,,,,,,,,,,,,,,
March 2010,32.17,1.67,30.49,7.71,0.18,15.72,5.76,0.23,0.71,0.46,0.25,,0.27,,-0.08,,8.01,15.62,-0.41,1.34,31.42,6.97,1.21,23.61,,,,,,,,,,,,,,,,,,,,,,,,,,,,,,,,,,,,,,,,,,,,,,,,,,,,,,
April 2010,27.29,1.43,25.87,6.15,0.09,14.03,4.66,0.26,0.52,0.35,0.18,,0.25,,-0.09,,6.41,13.93,0.04,1.23,27.15,5.69,1.03,20.27,,,,,,,,,,,,,,,,,,,,,,,,,,,,,,,,,,,,,,,,,,,,,,,,,,,,,,
May 2010,26.56,1.36,25.20,5.83,0.07,14.63,4.03,0.12,0.39,0.23,0.16,,0.23,,-0.09,,6.06,14.54,0.43,1.20,26.82,4.77,0.74,20.52,,,,,,,,,,,,,,,,,,,,,,,,,,,,,,,,,,,,,,,,,,,,,,,,,,,,,,
June 2010,24.45,1.30,23.15,5.69,0.10,12.86,3.91,0.08,0.35,0.22,0.13,,0.26,,-0.08,,6.01,12.77,0.95,1.10,25.20,4.60,0.68,18.64,,,,,,,,,,,,,,,,,,,,,,,,,,,,,,,,,,,,,,,,,,,,,,,,,,,,,,
July 2010,24.91,1.32,23.60,6.26,0.14,12.12,3.98,0.19,0.71,0.49,0.22,,0.27,,-0.08,,6.54,12.04,1.01,1.20,25.81,5.15,1.17,18.52,,,,,,,,,,,,,,,,,,,,,,,,,,,,,,,,,,,,,,,,,,,,,,,,,,,,,,
August 2010,24.12,1.26,22.86,5.06,0.11,12.57,4.06,0.19,0.62,0.33,0.29,,0.33,,-0.08,,5.29,12.49,1.26,1.16,25.28,5.20,1.14,17.74,,,,,,,,,,,,,,,,,,,,,,,,,,,,,,,,,,,,,,,,,,,,,,,,,,,,,,
September 2010,25.46,1.30,24.16,6.71,0.16,12.20,3.78,0.27,0.81,0.50,0.31,,0.30,,-0.08,,6.97,12.10,0.49,1.23,25.88,5.17,1.39,19.07,,,,,,,,,,,,,,,,,,,,,,,,,,,,,,,,,,,,,,,,,,,,,,,,,,,,,,
October 2010,29.17,1.58,27.59,8.65,0.19,11.78,5.29,0.37,1.05,0.64,0.42,,0.34,,-0.08,,8.89,11.66,-0.35,1.19,28.43,7.05,1.76,20.62,,,,,,,,,,,,,,,,,,,,,,,,,,,,,,,,,,,,,,,,,,,,,,,,,,,,,,
November 2010,30.97,1.66,29.31,10.52,0.21,12.42,4.49,0.44,1.00,0.60,0.40,,0.33,,-0.09,,10.78,12.31,0.19,1.26,30.77,6.26,1.77,23.15,,,,,,,,,,,,,,,,,,,,,,,,,,,,,,,,,,,,,,,,,,,,,,,,,,,,,,
December 2010,35.37,2.03,33.34,13.72,0.19,12.74,5.71,0.16,0.65,0.36,0.29,,0.29,,-0.11,,14.02,12.63,0.34,1.44,35.11,6.81,1.10,26.64,,,,,,,,,,,,,,,,,,,,,,,,,,,,,,,,,,,,,,,,,,,,,,,,,,,,,,
January 2011,33.75,1.86,31.89,11.37,0.15,12.76,5.98,0.29,0.98,0.60,0.38,,0.45,,-0.09,,11.69,12.66,0.48,1.41,33.78,7.70,1.72,24.28,,,,,,,,,,,,,,,,,,,,,,,,,,,,,,,,,,,,,,,,,,,,,,,,,,,,,,
February 2011,29.44,1.65,27.79,9.97,0.13,10.50,5.46,0.43,1.06,0.69,0.37,,0.32,,-0.08,,10.15,10.42,0.23,1.23,29.26,7.27,1.81,20.60,,,,,,,,,,,,,,,,,,,,,,,,,,,,,,,,,,,,,,,,,,,,,,,,,,,,,,
March 2011,31.14,1.80,29.34,11.03,0.10,10.76,6.23,0.29,0.71,0.46,0.25,,0.32,,-0.09,,11.39,10.58,0.36,1.30,31.00,7.55,1.32,21.89,,,,,,,,,,,,,,,,,,,,,,,,,,,,,,,,,,,,,,,,,,,,,,,,,,,,,,
April 2011,25.39,1.42,23.97,5.47,0.03,11.13,5.92,0.33,0.85,0.55,0.30,,0.31,,-0.08,,5.57,11.07,0.65,1.28,25.90,7.42,1.49,16.63,,,,,,,,,,,,,,,,,,,,,,,,,,,,,,,,,,,,,,,,,,,,,,,,,,,,,,
May 2011,26.08,1.39,24.68,5.63,0.05,11.21,5.87,0.30,1.41,0.92,0.49,,0.27,,-0.06,,5.51,11.17,0.13,1.32,26.14,7.86,1.99,16.89,,,,,,,,,,,,,,,,,,,,,,,,,,,,,,,,,,,,,,,,,,,,,,,,,,,,,,
June 2011,24.87,1.41,23.46,6.07,0.05,10.53,5.61,0.27,0.70,0.37,0.33,,0.31,,-0.08,,6.13,10.50,0.75,1.26,25.46,6.89,1.29,16.65,,,,,,,,,,,,,,,,,,,,,,,,,,,,,,,,,,,,,,,,,,,,,,,,,,,,,,
July 2011,24.51,1.33,23.18,5.20,0.04,11.73,5.12,0.24,0.56,0.27,0.28,,0.36,,-0.08,,5.37,11.68,1.00,1.20,25.38,6.28,1.16,16.97,,,,,,,,,,,,,,,,,,,,,,,,,,,,,,,,,,,,,,,,,,,,,,,,,,,,,,
August 2011,24.87,1.38,23.49,5.88,0.06,11.36,4.94,0.30,0.67,0.36,0.31,,0.37,,-0.09,,6.04,11.33,0.92,1.22,25.63,6.28,1.34,17.30,,,,,,,,,,,,,,,,,,,,,,,,,,,,,,,,,,,,,,,,,,,,,,,,,,,,,,
September 2011,25.45,1.31,24.14,6.29,0.06,11.64,4.25,0.44,1.21,0.70,0.50,,0.34,,-0.07,,6.22,11.60,0.44,1.25,25.83,6.23,1.98,17.98,,,,,,,,,,,,,,,,,,,,,,,,,,,,,,,,,,,,,,,,,,,,,,,,,,,,,,
October 2011,27.39,1.42,25.97,8.24,0.07,11.29,4.06,0.53,1.48,0.91,0.57,,0.38,,-0.08,,8.18,11.24,0.22,1.29,27.48,6.46,2.40,19.60,,,,,,,,,,,,,,,,,,,,,,,,,,,,,,,,,,,,,,,,,,,,,,,,,,,,,,
November 2011,29.39,1.60,27.79,11.76,0.09,9.53,4.20,0.49,1.41,0.85,0.56,,0.39,,-0.08,,11.75,9.46,-0.14,1.39,29.03,6.49,2.29,21.38,,,,,,,,,,,,,,,,,,,,,,,,,,,,,,,,,,,,,,,,,,,,,,,,,,,,,,
December 2011,30.25,1.74,28.51,12.53,0.10,8.05,5.02,0.66,1.88,1.08,0.79,,0.36,,-0.08,,12.30,7.96,1.19,1.42,31.13,7.91,2.90,20.68,,,,,,,,,,,,,,,,,,,,,,,,,,,,,,,,,,,,,,,,,,,,,,,,,,,,,,
January 2012,30.70,1.77,28.93,12.18,0.15,8.09,5.52,0.66,1.75,1.14,0.61,,0.66,,-0.08,,13.14,7.98,1.41,1.40,31.74,8.59,3.07,20.41,,,,,,,,,,,,,,,,,,,,,,,,,,,,,,,,,,,,,,,,,,,,,,,,,,,,,,
February 2012,31.55,1.87,29.68,13.64,0.14,7.86,5.62,0.47,1.46,0.94,0.52,,0.57,,-0.09,,14.45,7.81,-0.52,1.44,30.59,8.12,2.50,21.64,,,,,,,,,,,,,,,,,,,,,,,,,,,,,,,,,,,,,,,,,,,,,,,,,,,,,,
March 2012,28.55,1.71,26.85,13.26,0.11,7.22,4.48,0.37,1.13,0.75,0.38,,0.36,,-0.09,,13.81,7.16,1.10,1.30,29.25,6.34,1.86,20.60,,,,,,,,,,,,,,,,,,,,,,,,,,,,,,,,,,,,,,,,,,,,,,,,,,,,,,
April 2012,26.51,1.62,24.89,11.15,0.11,6.46,5.63,0.20,1.17,0.64,0.53,,0.27,,-0.08,,11.59,6.42,1.06,1.43,27.38,7.26,1.63,17.71,,,,,,,,,,,,,,,,,,,,,,,,,,,,,,,,,,,,,,,,,,,,,,,,,,,,,,
May 2012,26.11,1.57,24.54,9.65,0.09,7.62,5.73,0.20,1.05,0.54,0.51,,0.28,,-0.08,,10.08,7.58,1.11,1.41,27.06,7.26,1.53,17.35,,,,,,,,,,,,,,,,,,,,,,,,,,,,,,,,,,,,,,,,,,,,,,,,,,,,,,
June 2012,23.98,1.47,22.51,7.99,0.10,7.44,5.47,0.17,1.15,0.55,0.60,,0.27,,-0.08,,8.43,7.41,0.95,1.29,24.75,7.06,1.59,15.53,,,,,,,,,,,,,,,,,,,,,,,,,,,,,,,,,,,,,,,,,,,,,,,,,,,,,,
July 2012,24.22,1.48,22.74,8.66,0.05,7.46,5.15,0.24,0.90,0.46,0.44,,0.37,,-0.09,,9.14,7.44,1.37,1.30,25.40,6.65,1.50,16.17,,,,,,,,,,,,,,,,,,,,,,,,,,,,,,,,,,,,,,,,,,,,,,,,,,,,,,
August 2012,24.27,1.55,22.72,8.42,0.05,6.76,5.95,0.23,1.00,0.50,0.50,,0.37,,-0.08,,8.93,6.73,1.29,1.30,25.30,7.56,1.61,15.24,,,,,,,,,,,,,,,,,,,,,,,,,,,,,,,,,,,,,,,,,,,,,,,,,,,,,,
September 2012,24.24,1.52,22.73,9.73,0.07,5.03,5.28,0.33,1.86,1.10,0.76,,0.52,,-0.08,,10.39,5.00,1.40,1.30,25.42,7.98,2.71,14.83,,,,,,,,,,,,,,,,,,,,,,,,,,,,,,,,,,,,,,,,,,,,,,,,,,,,,,
October 2012,28.22,1.70,26.51,12.32,0.09,7.00,4.90,0.38,1.36,0.63,0.73,,0.56,,-0.09,,13.05,6.96,0.65,1.35,28.51,7.19,2.30,19.41,,,,,,,,,,,,,,,,,,,,,,,,,,,,,,,,,,,,,,,,,,,,,,,,,,,,,,
November 2012,28.89,1.72,27.18,12.54,0.10,7.10,4.52,0.47,1.90,1.03,0.87,,0.64,,-0.09,,13.39,7.04,1.09,1.38,29.65,7.52,3.00,19.74,,,,,,,,,,,,,,,,,,,,,,,,,,,,,,,,,,,,,,,,,,,,,,,,,,,,,,
December 2012,31.06,1.86,29.20,13.14,0.19,6.73,5.70,0.46,2.43,1.29,1.14,,0.64,,-0.09,,14.05,6.69,0.96,1.49,31.64,9.22,3.52,20.07,,,,,,,,,,,,,,,,,,,,,,,,,,,,,,,,,,,,,,,,,,,,,,,,,,,,,,
January 2013,32.40,1.92,30.49,13.62,0.11,7.38,6.29,0.44,2.06,1.10,0.97,,0.62,0.04,-0.08,,14.45,7.33,0.84,1.10,32.43,9.41,3.12,21.11,,,,,,,,,,,,,,,,,,,,,,,,,,,,,,,,,,,,,,,,,,,,,,,,,,,,,,
February 2013,29.31,1.70,27.60,12.32,0.05,7.59,5.08,0.36,1.74,0.85,0.89,,0.51,0.04,-0.09,,12.95,7.56,0.79,1.00,29.39,7.69,2.61,19.96,,,,,,,,,,,,,,,,,,,,,,,,,,,,,,,,,,,,,,,,,,,,,,,,,,,,,,
March 2013,31.33,1.85,29.49,13.33,0.06,8.08,5.24,0.14,2.01,1.04,0.97,,0.68,0.04,-0.10,,14.12,8.07,1.19,1.07,31.74,8.07,2.84,21.47,,,,,,,,,,,,,,,,,,,,,,,,,,,,,,,,,,,,,,,,,,,,,,,,,,,,,,
April 2013,27.06,1.64,25.41,10.37,0.04,6.46,5.37,0.25,2.11,1.14,0.97,,0.86,0.04,-0.09,,11.33,6.44,1.17,1.24,27.82,8.59,3.22,16.88,,,,,,,,,,,,,,,,,,,,,,,,,,,,,,,,,,,,,,,,,,,,,,,,,,,,,,
May 2013,25.11,1.51,23.60,9.59,0.03,6.52,4.28,0.33,1.94,1.05,0.88,,0.96,0.04,-0.09,,10.65,6.50,1.23,1.15,25.99,7.51,3.23,16.14,,,,,,,,,,,,,,,,,,,,,,,,,,,,,,,,,,,,,,,,,,,,,,,,,,,,,,
June 2013,23.10,1.37,21.74,7.37,0.02,7.70,4.41,0.14,1.41,0.63,0.78,,0.74,0.03,-0.09,,8.19,7.68,1.16,1.06,23.96,6.70,2.29,15.09,,,,,,,,,,,,,,,,,,,,,,,,,,,,,,,,,,,,,,,,,,,,,,,,,,,,,,
July 2013,23.71,1.52,22.19,7.75,0.03,6.82,5.71,0.13,0.94,0.47,0.47,,0.86,0.04,-0.08,,8.71,6.79,1.77,1.06,25.02,7.63,1.92,14.60,,,,,,,,,,,,,,,,,,,,,,,,,,,,,,,,,,,,,,,,,,,,,,,,,,,,,,
August 2013,23.54,1.57,21.97,8.28,0.07,5.39,6.22,0.17,1.32,0.68,0.65,,0.56,0.04,-0.09,,8.97,5.37,1.51,1.05,24.53,8.27,2.04,13.75,,,,,,,,,,,,,,,,,,,,,,,,,,,,,,,,,,,,,,,,,,,,,,,,,,,,,,
September 2013,24.33,1.52,22.81,9.14,0.08,6.04,5.05,0.23,1.73,0.86,0.87,,0.59,0.04,-0.09,,9.87,6.03,1.38,1.09,25.28,7.60,2.55,15.26,,,,,,,,,,,,,,,,,,,,,,,,,,,,,,,,,,,,,,,,,,,,,,,,,,,,,,
October 2013,26.73,1.60,25.12,10.15,0.06,5.74,5.40,0.36,2.79,1.33,1.46,,0.66,0.04,-0.08,,10.96,5.69,1.17,1.23,27.52,9.22,3.81,15.95,,,,,,,,,,,,,,,,,,,,,,,,,,,,,,,,,,,,,,,,,,,,,,,,,,,,,,
November 2013,28.49,1.65,26.84,10.58,0.05,7.60,5.25,0.45,2.36,1.25,1.10,,0.61,0.04,-0.09,,11.33,7.54,1.31,1.31,29.46,8.67,3.42,18.22,,,,,,,,,,,,,,,,,,,,,,,,,,,,,,,,,,,,,,,,,,,,,,,,,,,,,,
December 2013,29.50,1.73,27.77,10.98,0.04,6.17,5.85,0.60,3.55,2.08,1.47,,0.64,0.04,-0.09,,11.71,6.15,0.92,1.35,30.04,10.64,4.79,17.18,,,,,,,,,,,,,,,,,,,,,,,,,,,,,,,,,,,,,,,,,,,,,,,,,,,,,,
January 2014,29.78,1.78,28.00,11.74,0.07,6.24,5.54,0.67,3.15,1.54,1.61,,0.66,0.04,-0.09,,12.54,6.20,1.79,1.35,31.14,10.01,4.47,18.05,,,,,,,,,,,,,,,,,,,,,,,,,,,,,,,,,,,,,,,,,,,,,,,,,,,,,,
February 2014,26.48,1.53,24.95,10.20,0.05,5.54,4.65,0.58,3.47,1.82,1.65,,0.52,0.03,-0.09,,10.82,5.52,1.66,1.20,27.82,9.22,4.57,15.79,,,,,,,,,,,,,,,,,,,,,,,,,,,,,,,,,,,,,,,,,,,,,,,,,,,,,,
March 2014,27.73,1.63,26.11,10.82,0.04,6.42,4.82,0.60,2.66,1.54,1.13,,0.78,0.04,-0.08,,11.72,6.38,1.45,1.26,28.82,8.87,4.05,17.28,,,,,,,,,,,,,,,,,,,,,,,,,,,,,,,,,,,,,,,,,,,,,,,,,,,,,,
April 2014,23.97,1.51,22.46,9.15,0.03,5.09,5.14,0.40,1.89,1.06,0.83,,0.81,0.04,-0.08,,10.05,5.06,1.76,1.28,25.51,8.24,3.10,14.26,,,,,,,,,,,,,,,,,,,,,,,,,,,,,,,,,,,,,,,,,,,,,,,,,,,,,,
May 2014,23.47,1.46,22.01,7.25,0.03,6.88,5.23,0.25,1.56,0.75,0.81,,0.85,0.04,-0.09,,8.19,6.86,1.76,1.26,25.03,7.90,2.67,14.16,,,,,,,,,,,,,,,,,,,,,,,,,,,,,,,,,,,,,,,,,,,,,,,,,,,,,,
June 2014,22.12,1.39,20.74,4.54,0.03,8.63,5.53,0.15,0.86,0.42,0.44,,1.04,0.04,-0.08,,5.70,8.58,1.55,1.18,23.47,7.58,2.06,13.20,,,,,,,,,,,,,,,,,,,,,,,,,,,,,,,,,,,,,,,,,,,,,,,,,,,,,,
July 2014,22.33,1.33,20.99,3.86,0.02,9.50,5.30,0.10,1.25,0.59,0.66,,1.01,0.04,-0.08,,5.00,9.43,1.94,1.23,24.16,7.65,2.35,13.38,,,,,,,,,,,,,,,,,,,,,,,,,,,,,,,,,,,,,,,,,,,,,,,,,,,,,,
August 2014,21.65,1.23,20.42,3.73,0.03,8.53,4.69,0.26,2.15,1.00,1.15,,1.06,0.04,-0.07,,4.92,8.47,1.92,1.19,23.53,8.16,3.48,12.29,,,,,,,,,,,,,,,,,,,,,,,,,,,,,,,,,,,,,,,,,,,,,,,,,,,,,,
September 2014,23.02,1.38,21.64,7.47,0.04,7.84,4.24,0.17,0.89,0.45,0.43,,1.03,0.04,-0.08,,8.64,7.78,1.58,1.27,24.48,6.33,2.09,15.35,,,,,,,,,,,,,,,,,,,,,,,,,,,,,,,,,,,,,,,,,,,,,,,,,,,,,,
October 2014,25.32,1.41,23.92,7.72,0.05,7.91,3.65,0.36,3.03,1.44,1.59,,1.25,0.04,-0.08,,9.11,7.85,1.47,1.22,26.61,8.28,4.63,15.67,,,,,,,,,,,,,,,,,,,,,,,,,,,,,,,,,,,,,,,,,,,,,,,,,,,,,,
November 2014,26.36,1.50,24.86,9.19,0.04,8.14,3.61,0.50,2.24,1.01,1.23,,1.19,0.04,-0.09,,10.52,8.09,1.87,1.27,27.99,7.54,3.93,17.37,,,,,,,,,,,,,,,,,,,,,,,,,,,,,,,,,,,,,,,,,,,,,,,,,,,,,,
December 2014,28.59,1.71,26.88,9.35,0.05,6.63,5.50,0.55,3.62,1.75,1.87,,1.23,0.04,-0.09,,10.74,6.56,1.78,1.37,30.03,10.91,5.41,16.02,,,,,,,,,,,,,,,,,,,,,,,,,,,,,,,,,,,,,,,,,,,,,,,,,,,,,,
January 2015,30.01,1.76,28.25,9.71,0.05,6.73,6.01,0.64,3.90,2.06,1.84,0.03,1.23,0.04,-0.09,,11.08,6.68,1.68,1.61,31.54,11.81,5.79,16.49,,,,,,,,,,,,,,,,,,,,,,,,,,,,,,,,,,,,,,,,,,,,,,,,,,,,,,
February 2015,27.33,1.60,25.72,9.07,0.04,6.90,5.34,0.46,2.69,1.41,1.28,0.05,1.22,0.04,-0.08,,10.44,6.82,1.51,1.47,28.70,9.76,4.42,16.01,,,,,,,,,,,,,,,,,,,,,,,,,,,,,,,,,,,,,,,,,,,,,,,,,,,,,,
March 2015,27.65,1.61,26.04,9.24,0.04,6.54,5.16,0.53,3.20,1.65,1.55,0.09,1.29,0.04,-0.08,,10.68,6.46,1.76,1.48,29.29,10.27,5.11,15.82,,,,,,,,,,,,,,,,,,,,,,,,,,,,,,,,,,,,,,,,,,,,,,,,,,,,,,
April 2015,23.17,1.42,21.76,6.63,0.03,6.24,5.12,0.38,1.93,0.94,0.99,0.19,1.27,0.04,-0.07,,8.03,6.18,1.89,1.74,25.39,8.89,3.76,12.90,,,,,,,,,,,,,,,,,,,,,,,,,,,,,,,,,,,,,,,,,,,,,,,,,,,,,,
May 2015,22.72,1.36,21.36,4.62,0.04,6.71,5.21,0.40,3.00,1.47,1.53,0.19,1.22,0.04,-0.08,,5.96,6.68,1.84,1.71,24.90,10.03,4.82,11.37,,,,,,,,,,,,,,,,,,,,,,,,,,,,,,,,,,,,,,,,,,,,,,,,,,,,,,
June 2015,21.41,1.29,20.12,3.93,0.05,7.39,5.03,0.31,1.98,0.93,1.06,0.21,1.25,0.04,-0.08,,5.31,7.36,1.87,1.61,23.59,8.78,3.75,11.37,,,,,,,,,,,,,,,,,,,,,,,,,,,,,,,,,,,,,,,,,,,,,,,,,,,,,,
July 2015,21.79,1.31,20.47,3.89,0.04,7.43,5.23,0.33,2.15,0.88,1.27,0.19,1.22,0.06,-0.08,,5.26,7.39,2.02,1.57,24.06,9.13,3.90,11.36,,,,,,,,,,,,,,,,,,,,,,,,,,,,,,,,,,,,,,,,,,,,,,,,,,,,,,
August 2015,21.52,1.29,20.22,3.99,0.05,7.53,4.94,0.26,2.07,0.96,1.11,0.15,1.25,0.06,-0.08,,5.41,7.48,1.97,1.55,23.74,8.67,3.73,11.58,,,,,,,,,,,,,,,,,,,,,,,,,,,,,,,,,,,,,,,,,,,,,,,,,,,,,,
September 2015,22.25,1.34,20.91,4.27,0.06,8.35,4.88,0.13,1.81,0.78,1.03,0.16,1.27,0.07,-0.09,,5.74,8.28,1.94,1.60,24.45,8.25,3.37,12.68,,,,,,,,,,,,,,,,,,,,,,,,,,,,,,,,,,,,,,,,,,,,,,,,,,,,,,
October 2015,25.45,1.58,23.87,6.34,0.06,8.08,5.63,0.15,2.01,0.89,1.11,0.09,1.54,0.06,-0.09,,8.08,8.01,1.49,1.53,26.89,9.42,3.79,14.48,,,,,,,,,,,,,,,,,,,,,,,,,,,,,,,,,,,,,,,,,,,,,,,,,,,,,,
November 2015,26.37,1.50,24.87,5.56,0.05,7.86,5.39,0.51,3.91,1.74,2.16,0.03,1.58,0.06,-0.08,,7.32,7.79,1.45,1.60,27.91,11.42,6.04,13.47,,,,,,,,,,,,,,,,,,,,,,,,,,,,,,,,,,,,,,,,,,,,,,,,,,,,,,
December 2015,26.34,1.48,24.86,4.67,0.06,7.19,5.96,0.78,4.61,2.14,2.47,0.02,1.57,0.07,-0.08,,6.42,7.13,1.69,1.60,28.15,12.95,6.99,11.92,,,,,,,,,,,,,,,,,,,,,,,,,,,,,,,,,,,,,,,,,,,,,,,,,,,,,,
January 2016,28.50,1.56,26.94,4.77,0.06,10.35,5.54,0.63,3.88,1.78,2.10,0.04,1.66,0.10,-0.09,,6.65,10.29,1.82,1.69,30.45,11.75,6.22,15.18,,,,,,,,,,,,,,,,,,,,,,,,,,,,,,,,,,,,,,,,,,,,,,,,,,,,,,
February 2016,26.30,1.47,24.83,5.00,0.05,9.30,5.09,0.56,3.23,1.51,1.72,0.10,1.52,0.08,-0.09,,6.71,9.25,2.03,1.55,28.42,10.49,5.40,14.35,,,,,,,,,,,,,,,,,,,,,,,,,,,,,,,,,,,,,,,,,,,,,,,,,,,,,,
March 2016,26.50,1.48,25.02,4.16,0.05,11.10,5.12,0.44,2.39,1.06,1.33,0.15,1.62,0.08,-0.09,,5.95,11.06,2.19,1.57,28.78,9.72,4.60,15.30,,,,,,,,,,,,,,,,,,,,,,,,,,,,,,,,,,,,,,,,,,,,,,,,,,,,,,
April 2016,23.67,1.29,22.38,1.86,0.04,11.26,4.84,0.31,2.36,1.10,1.26,0.23,1.50,0.07,-0.09,,3.50,11.23,1.82,1.89,26.09,9.23,4.39,13.17,,,,,,,,,,,,,,,,,,,,,,,,,,,,,,,,,,,,,,,,,,,,,,,,,,,,,,
May 2016,21.56,1.23,20.33,1.02,0.03,9.96,5.05,0.22,2.30,1.04,1.26,0.27,1.51,0.06,-0.09,,2.68,9.89,1.91,1.72,23.96,9.35,4.30,11.01,,,,,,,,,,,,,,,,,,,,,,,,,,,,,,,,,,,,,,,,,,,,,,,,,,,,,,
June 2016,20.90,1.24,19.65,1.45,0.04,10.14,5.24,0.11,1.32,0.59,0.73,0.23,1.18,0.04,-0.09,,2.76,10.09,1.63,1.66,22.95,8.08,2.83,11.62,,,,,,,,,,,,,,,,,,,,,,,,,,,,,,,,,,,,,,,,,,,,,,,,,,,,,,
July 2016,20.90,1.21,19.69,0.90,0.03,9.56,5.80,0.26,1.96,0.92,1.04,0.28,0.90,0.07,-0.08,,1.93,9.53,1.75,1.79,23.24,9.21,3.40,10.49,,,,,,,,,,,,,,,,,,,,,,,,,,,,,,,,,,,,,,,,,,,,,,,,,,,,,,
August 2016,20.78,1.21,19.57,0.59,0.03,9.56,5.71,0.27,2.32,1.02,1.29,0.27,0.84,0.07,-0.08,,1.58,9.50,1.82,1.78,23.17,9.41,3.70,10.18,,,,,,,,,,,,,,,,,,,,,,,,,,,,,,,,,,,,,,,,,,,,,,,,,,,,,,
September 2016,22.06,1.24,20.82,1.08,0.04,10.13,5.61,0.29,2.44,1.19,1.25,0.19,1.05,0.06,-0.07,,2.31,10.05,1.17,1.90,23.89,9.58,3.97,11.25,,,,,,,,,,,,,,,,,,,,,,,,,,,,,,,,,,,,,,,,,,,,,,,,,,,,,,
October 2016,25.34,1.39,23.94,2.00,0.05,12.70,5.56,0.25,2.32,1.04,1.28,0.14,0.97,0.08,-0.10,,3.15,12.64,0.51,1.49,25.95,9.23,3.67,14.74,,,,,,,,,,,,,,,,,,,,,,,,,,,,,,,,,,,,,,,,,,,,,,,,,,,,,,
November 2016,27.99,1.51,26.48,3.20,0.06,12.99,5.76,0.26,2.84,1.22,1.63,0.08,1.30,0.08,-0.10,,4.71,12.92,0.65,1.65,28.78,10.25,4.49,16.25,,,,,,,,,,,,,,,,,,,,,,,,,,,,,,,,,,,,,,,,,,,,,,,,,,,,,,
December 2016,28.45,1.53,26.92,3.03,0.04,12.67,5.83,0.36,3.36,1.85,1.51,0.05,1.60,0.08,-0.10,,4.82,12.61,0.44,1.67,29.04,11.19,5.37,15.75,,,,,,,,,,,,,,,,,,,,,,,,,,,,,,,,,,,,,,,,,,,,,,,,,,,,,,
January 2017,30.73,1.64,29.10,4.76,0.05,13.54,5.35,0.43,3.20,1.68,1.52,0.08,1.69,0.10,-0.11,0.00,6.68,13.47,0.16,1.85,31.12,10.75,5.39,18.35,,,,,,,,,,,,,,,,,,,,,,,,,,,,,,,,,,,,,,,,,,,,,,,,,,,,,,
February 2017,25.69,1.41,24.28,3.57,0.04,9.56,5.28,0.38,3.81,1.91,1.90,0.10,1.53,0.09,-0.09,0.00,5.29,9.51,1.06,1.55,26.88,11.10,5.82,13.17,,,,,,,,,,,,,,,,,,,,,,,,,,,,,,,,,,,,,,,,,,,,,,,,,,,,,,
March 2017,25.12,1.37,23.75,1.55,0.04,10.82,5.40,0.51,3.55,1.81,1.74,0.24,1.65,0.09,-0.09,0.00,3.40,10.76,1.39,1.51,26.65,11.34,5.94,12.41,,,,,,,,,,,,,,,,,,,,,,,,,,,,,,,,,,,,,,,,,,,,,,,,,,,,,,
April 2017,21.43,1.15,20.28,0.44,0.02,10.18,4.89,0.21,2.86,1.65,1.21,0.37,1.31,0.07,-0.08,0.00,1.87,10.15,2.00,1.96,24.24,9.65,4.75,10.63,,,,,,,,,,,,,,,,,,,,,,,,,,,,,,,,,,,,,,,,,,,,,,,,,,,,,,
May 2017,21.79,1.29,20.50,0.57,0.02,9.75,5.55,0.14,2.45,1.19,1.26,0.41,1.62,0.09,-0.09,0.00,2.34,9.71,1.76,1.98,24.24,10.16,4.61,10.34,,,,,,,,,,,,,,,,,,,,,,,,,,,,,,,,,,,,,,,,,,,,,,,,,,,,,,
June 2017,20.50,1.18,19.32,0.44,0.02,8.53,5.76,0.18,2.99,1.48,1.51,0.40,0.97,0.10,-0.08,0.00,1.59,8.48,1.49,1.87,22.68,10.31,4.55,9.00,,,,,,,,,,,,,,,,,,,,,,,,,,,,,,,,,,,,,,,,,,,,,,,,,,,,,,
July 2017,20.54,1.23,19.31,0.43,0.02,9.10,5.34,0.20,2.38,1.20,1.18,0.40,1.44,0.10,-0.09,0.00,2.04,9.04,1.91,1.83,23.05,9.76,4.42,9.54,,,,,,,,,,,,,,,,,,,,,,,,,,,,,,,,,,,,,,,,,,,,,,,,,,,,,,
August 2017,20.49,1.18,19.31,0.49,0.02,8.47,5.73,0.31,2.43,1.23,1.20,0.36,1.45,0.10,-0.06,0.00,2.12,8.41,1.89,1.83,23.03,10.29,4.56,8.98,,,,,,,,,,,,,,,,,,,,,,,,,,,,,,,,,,,,,,,,,,,,,,,,,,,,,,
September 2017,21.46,1.14,20.32,1.12,0.02,9.13,5.43,0.36,3.05,1.49,1.57,0.27,0.89,0.10,-0.07,0.00,2.20,9.07,1.50,1.93,23.75,10.00,4.57,10.28,,,,,,,,,,,,,,,,,,,,,,,,,,,,,,,,,,,,,,,,,,,,,,,,,,,,,,
October 2017,24.21,1.22,22.99,0.94,0.02,10.23,5.44,0.49,4.84,2.29,2.55,0.17,0.82,0.10,-0.08,0.00,1.95,10.17,0.75,1.56,25.30,11.77,6.33,11.19,,,,,,,,,,,,,,,,,,,,,,,,,,,,,,,,,,,,,,,,,,,,,,,,,,,,,,
November 2017,27.52,1.36,26.16,3.18,0.04,11.76,4.85,0.47,4.47,2.00,2.47,0.11,1.28,0.09,-0.09,0.00,4.65,11.69,-0.03,1.77,27.90,11.19,6.33,14.98,,,,,,,,,,,,,,,,,,,,,,,,,,,,,,,,,,,,,,,,,,,,,,,,,,,,,,
December 2017,28.25,1.39,26.86,3.83,0.04,11.31,4.86,0.49,4.91,2.13,2.77,0.07,1.33,0.10,-0.08,-0.00,5.38,11.24,0.88,1.82,29.57,11.66,6.80,15.18,,,,,,,,,,,,,,,,,,,,,,,,,,,,,,,,,,,,,,,,,,,,,,,,,,,,,,
January 2018,27.36,1.28,26.09,1.54,0.07,12.19,5.04,0.43,5.67,2.58,3.09,0.08,1.04,0.11,-0.09,-0.00,2.82,12.13,2.15,2.05,30.28,12.27,7.23,13.80,,,,,,,,,,,,,,,,,,,,,,,,,,,,,,,,,,,,,,,,,,,,,,,,,,,,,,
February 2018,25.61,1.29,24.33,2.79,0.07,10.53,4.91,0.38,4.38,1.94,2.44,0.19,1.07,0.09,-0.09,-0.00,4.08,10.47,1.65,1.91,27.89,10.94,6.03,13.38,,,,,,,,,,,,,,,,,,,,,,,,,,,,,,,,,,,,,,,,,,,,,,,,,,,,,,
March 2018,27.53,1.46,26.07,3.92,0.08,10.43,5.17,0.26,4.58,2.20,2.39,0.23,1.40,0.09,-0.10,-0.00,5.55,10.37,1.57,2.05,29.69,11.64,6.47,14.43,,,,,,,,,,,,,,,,,,,,,,,,,,,,,,,,,,,,,,,,,,,,,,,,,,,,,,
April 2018,22.77,1.21,21.56,0.60,0.04,10.10,4.98,0.29,3.80,1.74,2.06,0.32,1.44,0.08,-0.09,-0.00,2.23,10.03,1.69,1.93,25.19,10.83,5.85,10.74,,,,,,,,,,,,,,,,,,,,,,,,,,,,,,,,,,,,,,,,,,,,,,,,,,,,,,
May 2018,20.87,1.16,19.71,0.28,0.03,9.26,4.96,0.23,2.72,1.28,1.44,0.53,1.67,0.10,-0.08,-0.00,2.14,9.20,1.79,1.77,23.26,10.11,5.15,9.57,,,,,,,,,,,,,,,,,,,,,,,,,,,,,,,,,,,,,,,,,,,,,,,,,,,,,,
June 2018,19.78,1.16,18.63,0.25,0.03,9.15,5.16,0.12,2.05,0.83,1.22,0.53,1.34,0.09,-0.08,-0.00,1.76,9.10,1.67,1.67,21.97,9.19,4.03,9.43,,,,,,,,,,,,,,,,,,,,,,,,,,,,,,,,,,,,,,,,,,,,,,,,,,,,,,
July 2018,20.59,1.14,19.45,0.18,0.03,10.36,5.17,0.09,1.72,0.72,1.00,0.52,1.39,0.07,-0.07,-0.00,1.72,10.31,1.98,1.87,23.31,8.89,3.72,10.56,,,,,,,,,,,,,,,,,,,,,,,,,,,,,,,,,,,,,,,,,,,,,,,,,,,,,,
August 2018,20.66,1.16,19.49,0.28,0.03,8.66,5.43,0.17,2.87,1.24,1.63,0.39,1.63,0.10,-0.07,-0.00,2.09,8.60,1.69,1.88,23.06,10.49,5.06,8.97,,,,,,,,,,,,,,,,,,,,,,,,,,,,,,,,,,,,,,,,,,,,,,,,,,,,,,
September 2018,20.93,1.12,19.81,1.29,0.04,6.82,5.07,0.33,4.30,1.91,2.39,0.33,1.62,0.08,-0.06,-0.00,3.09,6.75,1.26,1.91,22.98,11.65,6.58,8.15,,,,,,,,,,,,,,,,,,,,,,,,,,,,,,,,,,,,,,,,,,,,,,,,,,,,,,
October 2018,23.69,1.11,22.57,1.01,0.04,9.86,4.16,0.51,4.88,2.19,2.69,0.24,1.85,0.08,-0.06,-0.00,3.03,9.80,0.88,1.78,25.24,11.64,7.48,10.91,,,,,,,,,,,,,,,,,,,,,,,,,,,,,,,,,,,,,,,,,,,,,,,,,,,,,,
November 2018,25.44,1.18,24.25,2.32,0.05,9.60,4.28,0.45,5.72,2.52,3.19,0.11,1.73,0.06,-0.07,-0.00,4.22,9.54,1.15,1.92,27.32,12.28,8.00,11.97,,,,,,,,,,,,,,,,,,,,,,,,,,,,,,,,,,,,,,,,,,,,,,,,,,,,,,
December 2018,25.72,1.22,24.50,1.46,0.04,10.64,4.76,0.53,5.23,2.26,2.97,0.06,1.79,0.07,-0.07,-0.00,3.42,10.57,1.63,1.94,28.07,12.37,7.60,12.14,,,,,,,,,,,,,,,,,,,,,,,,,,,,,,,,,,,,,,,,,,,,,,,,,,,,,,
January 2019,27.99,1.26,26.73,1.82,0.10,13.52,4.42,0.40,4.82,2.06,2.76,0.10,1.56,0.07,-0.07,-0.00,3.57,13.46,1.33,2.55,30.58,11.30,6.88,15.43,,,,,,,,,,,,,,,,,,,,,,,,,,,,,,,,,,,,,,,,,,,,,,,,,,,,,,
February 2019,22.58,1.02,21.57,0.62,0.05,9.85,4.14,0.38,4.99,2.41,2.58,0.22,1.30,0.07,-0.06,-0.00,2.07,9.80,2.16,2.06,25.76,11.04,6.90,10.52,,,,,,,,,,,,,,,,,,,,,,,,,,,,,,,,,,,,,,,,,,,,,,,,,,,,,,
March 2019,23.34,1.02,22.32,0.45,0.03,9.44,4.07,0.53,5.94,2.70,3.25,0.33,1.51,0.08,-0.06,-0.00,2.11,9.38,2.57,2.13,27.00,12.38,8.31,9.92,,,,,,,,,,,,,,,,,,,,,,,,,,,,,,,,,,,,,,,,,,,,,,,,,,,,,,
April 2019,21.64,0.96,20.68,0.30,0.03,9.86,4.42,0.21,4.06,1.78,2.28,0.46,1.32,0.07,-0.05,-0.00,1.75,9.80,1.60,2.22,24.48,10.48,6.05,10.18,,,,,,,,,,,,,,,,,,,,,,,,,,,,,,,,,,,,,,,,,,,,,,,,,,,,,,
May 2019,20.38,0.95,19.43,0.04,0.04,9.89,4.40,0.13,2.71,1.15,1.56,0.53,1.65,0.08,-0.04,-0.00,1.84,9.83,2.20,2.09,23.69,9.42,5.03,9.96,,,,,,,,,,,,,,,,,,,,,,,,,,,,,,,,,,,,,,,,,,,,,,,,,,,,,,
June 2019,19.19,0.85,18.34,0.09,0.04,9.32,3.05,0.23,3.58,1.48,2.10,0.47,1.54,0.09,-0.06,-0.00,1.78,9.28,1.82,1.97,22.11,8.86,5.81,9.45,,,,,,,,,,,,,,,,,,,,,,,,,,,,,,,,,,,,,,,,,,,,,,,,,,,,,,
July 2019,20.08,0.88,19.20,0.13,0.05,10.01,3.71,0.24,3.00,1.30,1.70,0.52,1.48,0.09,-0.03,-0.00,1.74,10.00,1.62,2.20,23.00,8.95,5.24,10.19,,,,,,,,,,,,,,,,,,,,,,,,,,,,,,,,,,,,,,,,,,,,,,,,,,,,,,
August 2019,19.67,0.92,18.74,0.33,0.04,7.35,4.14,0.35,4.50,1.86,2.64,0.47,1.50,0.10,-0.04,-0.00,2.00,7.32,1.53,2.15,22.41,10.96,6.82,7.72,,,,,,,,,,,,,,,,,,,,,,,,,,,,,,,,,,,,,,,,,,,,,,,,,,,,,,
September 2019,20.24,0.94,19.30,0.23,0.05,7.65,4.50,0.43,4.65,1.81,2.84,0.37,1.39,0.08,-0.04,-0.00,1.76,7.62,1.30,2.22,22.79,11.34,6.84,7.92,,,,,,,,,,,,,,,,,,,,,,,,,,,,,,,,,,,,,,,,,,,,,,,,,,,,,,
October 2019,23.78,1.07,22.71,0.39,0.04,9.94,4.80,0.47,5.48,2.14,3.35,0.21,1.34,0.09,-0.06,-0.00,1.88,9.89,1.23,2.06,25.98,12.30,7.50,10.37,,,,,,,,,,,,,,,,,,,,,,,,,,,,,,,,,,,,,,,,,,,,,,,,,,,,,,
November 2019,24.96,1.16,23.81,1.08,0.06,10.92,4.66,0.28,4.68,1.77,2.91,0.10,1.99,0.09,-0.05,-0.00,3.25,10.87,1.94,2.16,27.88,11.71,7.05,12.06,,,,,,,,,,,,,,,,,,,,,,,,,,,,,,,,,,,,,,,,,,,,,,,,,,,,,,
December 2019,25.34,1.18,24.17,1.04,0.06,8.83,4.72,0.53,6.65,2.78,3.87,0.08,2.17,0.12,-0.05,-0.00,3.43,8.78,1.88,2.19,28.21,14.15,9.43,9.94,,,,,,,,,,,,,,,,,,,,,,,,,,,,,,,,,,,,,,,,,,,,,,,,,,,,,,
January 2020,26.26,1.05,25.21,1.55,0.05,8.38,4.86,0.60,7.67,3.32,4.35,0.10,1.94,0.12,-0.04,-0.00,3.72,8.32,1.39,2.37,28.98,15.16,10.30,9.97,,,,,,,,,,,,,,,,,,,,,,,,,,,,,,,,,,,,,,,,,,,,,,,,,,,,,,
February 2020,23.54,0.90,22.63,1.04,0.05,6.72,3.85,0.62,8.49,3.48,5.01,0.18,1.61,0.12,-0.04,-0.00,2.87,6.67,2.09,2.13,26.85,14.75,10.90,7.82,,,,,,,,,,,,,,,,,,,,,,,,,,,,,,,,,,,,,,,,,,,,,,,,,,,,,,
March 2020,22.94,0.87,22.07,0.53,0.05,8.64,3.31,0.58,6.69,2.70,4.00,0.41,1.78,0.13,-0.05,-0.00,2.53,8.59,2.32,2.08,26.47,12.77,9.46,9.22,,,,,,,,,,,,,,,,,,,,,,,,,,,,,,,,,,,,,,,,,,,,,,,,,,,,,,
April 2020,17.43,0.79,16.65,0.15,0.03,6.24,3.68,0.30,4.02,1.60,2.42,0.58,1.59,0.10,-0.04,-0.00,1.91,6.20,1.76,2.13,20.54,10.17,6.49,6.42,,,,,,,,,,,,,,,,,,,,,,,,,,,,,,,,,,,,,,,,,,,,,,,,,,,,,,
May 2020,17.29,0.81,16.48,0.06,0.02,5.88,4.00,0.23,3.75,1.47,2.27,0.70,1.75,0.12,-0.04,-0.00,2.01,5.83,1.78,2.11,20.36,10.43,6.43,5.97,,,,,,,,,,,,,,,,,,,,,,,,,,,,,,,,,,,,,,,,,,,,,,,,,,,,,,
June 2020,18.01,0.80,17.21,0.13,0.02,7.35,3.19,0.22,3.99,1.40,2.59,0.53,1.70,0.11,-0.03,-0.00,2.01,7.30,0.93,2.20,20.34,9.63,6.44,7.50,,,,,,,,,,,,,,,,,,,,,,,,,,,,,,,,,,,,,,,,,,,,,,,,,,,,,,
July 2020,19.90,0.82,19.08,0.10,0.03,8.43,3.75,0.35,3.99,1.56,2.43,0.52,1.83,0.11,-0.03,-0.00,2.09,8.41,0.19,2.08,21.35,10.45,6.69,8.55,,,,,,,,,,,,,,,,,,,,,,,,,,,,,,,,,,,,,,,,,,,,,,,,,,,,,,
August 2020,19.28,0.82,18.47,0.14,0.04,9.16,3.03,0.22,4.04,1.41,2.62,0.45,1.35,0.10,-0.04,-0.00,1.68,9.11,1.37,2.02,21.85,9.08,6.05,9.33,,,,,,,,,,,,,,,,,,,,,,,,,,,,,,,,,,,,,,,,,,,,,,,,,,,,,,
September 2020,20.21,0.87,19.35,0.26,0.03,9.00,3.27,0.28,4.92,1.96,2.95,0.41,1.15,0.09,-0.05,-0.00,1.56,8.96,0.78,2.11,22.24,10.02,6.75,9.28,,,,,,,,,,,,,,,,,,,,,,,,,,,,,,,,,,,,,,,,,,,,,,,,,,,,,,
October 2020,22.48,0.92,21.57,0.18,0.04,8.54,4.44,0.46,6.23,2.00,4.24,0.20,1.42,0.08,-0.03,-0.00,1.76,8.50,1.85,1.88,25.30,12.76,8.32,8.76,,,,,,,,,,,,,,,,,,,,,,,,,,,,,,,,,,,,,,,,,,,,,,,,,,,,,,
November 2020,22.72,0.96,21.77,0.39,0.06,8.84,4.15,0.59,5.93,2.14,3.79,0.13,1.65,0.09,-0.05,-0.00,2.25,8.78,1.90,1.90,25.57,12.44,8.29,9.29,,,,,,,,,,,,,,,,,,,,,,,,,,,,,,,,,,,,,,,,,,,,,,,,,,,,,,
December 2020,25.37,1.08,24.29,0.65,0.07,10.10,4.55,0.53,6.35,2.36,3.98,0.08,1.93,0.10,-0.05,-0.00,2.81,10.03,1.56,2.12,27.97,13.43,8.89,10.81,,,,,,,,,,,,,,,,,,,,,,,,,,,,,,,,,,,,,,,,,,,,,,,,,,,,,,
January 2021,26.04,1.14,24.90,1.24,0.08,11.20,4.18,0.43,5.80,2.05,3.75,0.09,1.81,0.13,-0.06,-0.00,3.34,11.12,1.97,2.32,29.19,12.31,8.13,12.52,,,,,,,,,,,,,,,,,,,,,,,,,,,,,,,,,,,,,,,,,,,,,,,,,,,,,,
February 2021,22.07,0.85,21.22,0.62,0.05,8.04,3.20,0.34,7.02,2.95,4.07,0.19,1.68,0.12,-0.03,-0.00,2.52,7.99,2.23,1.98,25.43,12.43,9.24,8.71,,,,,,,,,,,,,,,,,,,,,,,,,,,,,,,,,,,,,,,,,,,,,,,,,,,,,,
March 2021,22.87,0.93,21.93,0.33,0.05,9.51,3.21,0.43,5.83,2.46,3.37,0.35,2.15,0.12,-0.04,-0.00,2.69,9.47,2.11,2.05,26.09,11.97,8.76,9.89,,,,,,,,,,,,,,,,,,,,,,,,,,,,,,,,,,,,,,,,,,,,,,,,,,,,,,
April 2021,21.08,0.95,20.13,0.25,0.05,10.50,3.44,0.33,3.34,1.27,2.07,0.60,1.53,0.13,-0.05,-0.00,2.01,10.45,1.54,2.35,24.02,9.25,5.81,10.80,,,,,,,,,,,,,,,,,,,,,,,,,,,,,,,,,,,,,,,,,,,,,,,,,,,,,,
May 2021,20.25,0.88,19.37,0.24,0.06,9.28,3.28,0.24,3.89,1.46,2.42,0.55,1.78,0.11,-0.05,-0.00,2.21,9.26,2.06,2.26,23.69,9.74,6.46,9.57,,,,,,,,,,,,,,,,,,,,,,,,,,,,,,,,,,,,,,,,,,,,,,,,,,,,,,
June 2021,18.03,0.89,17.14,0.21,0.05,7.77,3.70,0.13,2.94,1.25,1.68,0.57,1.72,0.11,-0.05,-0.00,2.10,7.76,2.49,2.00,21.63,9.06,5.36,8.03,,,,,,,,,,,,,,,,,,,,,,,,,,,,,,,,,,,,,,,,,,,,,,,,,,,,,,
July 2021,18.42,0.95,17.47,0.53,0.05,9.04,3.18,0.10,2.18,0.58,1.60,0.59,1.74,0.12,-0.07,-0.00,2.44,9.05,2.76,2.05,22.29,7.80,4.61,9.63,,,,,,,,,,,,,,,,,,,,,,,,,,,,,,,,,,,,,,,,,,,,,,,,,,,,,,
August 2021,17.96,0.85,17.10,0.37,0.06,7.86,3.16,0.14,3.54,1.10,2.44,0.45,1.45,0.12,-0.03,-0.00,1.99,7.86,2.92,2.01,22.03,8.74,5.58,8.28,,,,,,,,,,,,,,,,,,,,,,,,,,,,,,,,,,,,,,,,,,,,,,,,,,,,,,
September 2021,19.01,0.97,18.03,0.48,0.05,8.92,3.36,0.13,3.38,1.30,2.07,0.39,1.28,0.12,-0.07,-0.00,2.00,8.86,2.02,2.12,22.18,8.53,5.17,9.46,,,,,,,,,,,,,,,,,,,,,,,,,,,,,,,,,,,,,,,,,,,,,,,,,,,,,,
October 2021,21.22,0.91,20.32,0.28,0.05,7.37,3.23,0.46,6.82,2.60,4.22,0.25,1.78,0.13,-0.05,-0.00,2.25,7.37,1.90,1.96,24.18,12.54,9.31,7.71,,,,,,,,,,,,,,,,,,,,,,,,,,,,,,,,,,,,,,,,,,,,,,,,,,,,,,
November 2021,23.95,1.05,22.91,0.68,0.06,9.37,3.93,0.53,6.23,2.43,3.80,0.15,1.89,0.13,-0.05,-0.01,2.79,9.34,1.14,2.21,26.26,12.72,8.79,10.12,,,,,,,,,,,,,,,,,,,,,,,,,,,,,,,,,,,,,,,,,,,,,,,,,,,,,,
December 2021,25.03,1.12,23.91,0.73,0.08,10.04,4.12,0.47,6.25,2.32,3.93,0.06,2.09,0.12,-0.06,-0.01,3.06,10.01,1.49,2.31,27.70,12.99,8.87,10.86,,,,,,,,,,,,,,,,,,,,,,,,,,,,,,,,,,,,,,,,,,,,,,,,,,,,,,
January 2022,25.95,1.17,24.78,0.68,0.08,10.46,3.97,0.43,7.07,3.01,4.06,0.13,1.91,0.14,-0.07,-0.01,2.83,10.43,1.42,2.43,28.63,13.51,9.54,11.21,,,,,,,,,,,,,,,,,,,,,,,,,,,,,,,,,,,,,,,,,,,,,,,,,,,,,,
February 2022,21.64,0.95,20.69,0.77,0.07,5.07,3.33,0.54,9.09,3.79,5.30,0.21,1.57,0.10,-0.05,-0.01,2.51,5.08,1.86,2.03,24.59,14.74,11.41,5.91,,,,,,,,,,,,,,,,,,,,,,,,,,,,,,,,,,,,,,,,,,,,,,,,,,,,,,
March 2022,22.71,0.98,21.73,0.79,0.09,8.90,4.10,0.39,5.34,2.12,3.22,0.44,1.61,0.13,-0.05,-0.01,2.58,8.94,1.69,2.13,25.55,11.88,7.78,9.78,,,,,,,,,,,,,,,,,,,,,,,,,,,,,,,,,,,,,,,,,,,,,,,,,,,,,,
April 2022,21.53,0.90,20.63,0.27,0.06,9.35,3.83,0.22,4.98,1.74,3.24,0.55,1.33,0.11,-0.06,-0.01,1.78,9.34,-0.12,2.19,22.70,10.90,7.07,9.68,,,,,,,,,,,,,,,,,,,,,,,,,,,,,,,,,,,,,,,,,,,,,,,,,,,,,,
May 2022,22.19,0.91,21.28,0.03,0.03,10.21,3.97,0.25,5.19,2.17,3.03,0.58,0.97,0.11,-0.06,-0.01,1.17,10.18,-1.96,2.26,21.59,10.97,7.00,10.27,,,,,,,,,,,,,,,,,,,,,,,,,,,,,,,,,,,,,,,,,,,,,,,,,,,,,,
June 2022,20.68,0.86,19.82,0.13,0.02,9.23,4.04,0.20,4.28,1.69,2.58,0.63,1.21,0.12,-0.04,-0.01,1.53,9.18,-1.88,2.10,20.04,10.36,6.32,9.38,,,,,,,,,,,,,,,,,,,,,,,,,,,,,,,,,,,,,,,,,,,,,,,,,,,,,,
July 2022,21.38,0.94,20.45,0.43,0.06,10.22,3.45,0.20,3.92,1.46,2.46,0.62,1.49,0.12,-0.06,-0.01,2.16,10.16,-1.57,2.01,20.88,9.69,6.24,10.70,,,,,,,,,,,,,,,,,,,,,,,,,,,,,,,,,,,,,,,,,,,,,,,,,,,,,,
August 2022,20.86,0.88,19.98,0.27,0.08,10.88,3.27,0.15,3.15,1.22,1.93,0.60,1.54,0.11,-0.06,-0.01,2.01,10.86,-1.04,1.96,20.89,8.71,5.44,11.23,,,,,,,,,,,,,,,,,,,,,,,,,,,,,,,,,,,,,,,,,,,,,,,,,,,,,,
September 2022,22.06,0.91,21.15,0.61,0.05,10.12,3.21,0.14,4.96,1.64,3.31,0.39,1.61,0.11,-0.04,-0.01,2.41,10.10,-2.24,2.08,20.99,10.30,7.09,10.78,,,,,,,,,,,,,,,,,,,,,,,,,,,,,,,,,,,,,,,,,,,,,,,,,,,,,,
October 2022,22.79,0.84,21.96,0.15,0.06,8.62,3.26,0.45,8.08,2.78,5.30,0.32,0.93,0.12,-0.02,-0.01,1.25,8.63,-1.60,1.89,22.25,13.03,9.77,8.83,,,,,,,,,,,,,,,,,,,,,,,,,,,,,,,,,,,,,,,,,,,,,,,,,,,,,,
November 2022,23.74,0.86,22.88,0.22,0.08,9.39,3.14,0.56,7.94,2.60,5.34,0.13,1.36,0.12,-0.04,-0.01,1.78,9.39,-1.08,1.97,23.78,13.13,9.98,9.69,,,,,,,,,,,,,,,,,,,,,,,,,,,,,,,,,,,,,,,,,,,,,,,,,,,,,,
December 2022,24.72,1.11,23.62,0.75,0.08,9.46,4.03,0.36,7.35,2.25,5.10,0.09,1.45,0.13,-0.07,-0.01,2.42,9.46,1.21,2.04,26.87,13.27,9.24,10.30,,,,,,,,,,,,,,,,,,,,,,,,,,,,,,,,,,,,,,,,,,,,,,,,,,,,,,
January 2023,24.08,1.15,22.94,0.53,0.07,7.38,3.67,0.56,9.19,3.23,5.97,0.13,1.37,0.13,-0.08,-0.01,2.11,7.37,1.95,2.40,27.29,14.93,11.25,7.97,,,,,,,,,,,,,,,,,,,,,,,,,,,,,,,,,,,,,,,,,,,,,,,,,,,,,,
February 2023,20.01,0.89,19.13,0.36,0.06,7.67,2.31,0.41,6.64,2.52,4.12,0.22,1.40,0.11,-0.05,-0.01,1.91,7.69,2.37,1.99,23.49,10.99,8.68,8.09,,,,,,,,,,,,,,,,,,,,,,,,,,,,,,,,,,,,,,,,,,,,,,,,,,,,,,
March 2023,21.20,0.98,20.22,0.14,0.05,8.18,2.98,0.29,6.89,2.00,4.88,0.30,1.36,0.12,-0.07,-0.02,1.66,8.19,2.90,2.11,25.23,11.81,8.83,8.37,,,,,,,,,,,,,,,,,,,,,,,,,,,,,,,,,,,,,,,,,,,,,,,,,,,,,,
April 2023,18.76,0.86,17.90,0.06,0.04,7.75,2.97,0.24,4.97,1.55,3.42,0.50,1.34,0.10,-0.05,-0.01,1.55,7.74,2.26,2.48,22.65,10.02,7.05,7.84,,,,,,,,,,,,,,,,,,,,,,,,,,,,,,,,,,,,,,,,,,,,,,,,,,,,,,
May 2023,16.59,0.81,15.78,0.06,0.03,7.33,3.05,0.11,3.73,1.13,2.60,0.67,0.77,0.10,-0.04,-0.02,0.97,7.32,3.30,2.18,21.26,8.32,5.27,7.42,,,,,,,,,,,,,,,,,,,,,,,,,,,,,,,,,,,,,,,,,,,,,,,,,,,,,,
June 2023,16.86,0.73,16.13,0.12,0.04,7.49,3.28,0.08,3.61,1.10,2.51,0.70,0.72,0.13,-0.02,-0.02,1.02,7.49,2.02,2.22,20.37,8.39,5.11,7.66,,,,,,,,,,,,,,,,,,,,,,,,,,,,,,,,,,,,,,,,,,,,,,,,,,,,,,
July 2023,17.86,0.79,17.07,0.14,0.05,6.26,3.04,0.19,5.55,1.78,3.77,0.54,1.21,0.13,-0.03,-0.02,1.54,6.27,1.29,2.24,20.60,10.53,7.49,6.46,,,,,,,,,,,,,,,,,,,,,,,,,,,,,,,,,,,,,,,,,,,,,,,,,,,,,,
August 2023,17.68,0.81,16.87,0.18,0.03,7.32,2.97,0.24,4.50,1.49,3.01,0.52,1.02,0.12,-0.02,-0.02,1.38,7.30,1.47,2.21,20.55,9.25,6.28,7.53,,,,,,,,,,,,,,,,,,,,,,,,,,,,,,,,,,,,,,,,,,,,,,,,,,,,,,
September 2023,18.62,0.90,17.72,0.30,0.04,7.19,3.64,0.29,4.75,1.75,2.99,0.43,1.04,0.09,-0.02,-0.02,1.49,7.18,1.11,2.33,21.16,10.14,6.50,7.53,,,,,,,,,,,,,,,,,,,,,,,,,,,,,,,,,,,,,,,,,,,,,,,,,,,,,,
October 2023,20.29,1.03,19.25,0.36,0.04,6.28,3.12,0.51,7.12,2.46,4.65,0.29,1.51,0.11,-0.04,-0.03,2.03,6.26,1.53,1.94,22.73,12.54,9.42,6.68,,,,,,,,,,,,,,,,,,,,,,,,,,,,,,,,,,,,,,,,,,,,,,,,,,,,,,
November 2023,21.89,1.10,20.78,0.58,0.04,7.82,2.75,0.41,7.14,1.97,5.17,0.17,1.85,0.12,-0.06,-0.03,2.61,7.80,2.43,2.10,25.31,12.31,9.56,8.44,,,,,,,,,,,,,,,,,,,,,,,,,,,,,,,,,,,,,,,,,,,,,,,,,,,,,,
December 2023,23.96,1.22,22.74,0.30,0.04,6.96,3.53,0.47,9.67,3.38,6.29,0.07,1.66,0.12,-0.06,-0.03,2.14,6.95,1.19,2.30,26.23,15.41,11.88,7.30,,,,,,,,,,,,,,,,,,,,,,,,,,,,,,,,,,,,,,,,,,,,,,,,,,,,,,
January 2024,24.83,1.21,23.62,0.47,0.04,9.82,2.36,0.49,8.51,2.85,5.65,0.14,1.77,0.12,-0.07,-0.03,2.42,9.80,1.93,2.54,28.08,13.26,10.90,10.33,,,,,,,,,,,,,,,,,,,,,,,,,,,,,,,,,,,,,,,,,,,,,,,,,,,,,,
February 2024,20.29,1.00,19.29,0.22,0.04,6.32,2.54,0.55,7.76,2.94,4.82,0.18,1.64,0.12,-0.06,-0.03,2.01,6.33,3.09,2.07,24.46,12.68,10.14,6.58,,,,,,,,,,,,,,,,,,,,,,,,,,,,,,,,,,,,,,,,,,,,,,,,,,,,,,
March 2024,19.87,1.11,18.76,0.33,0.03,5.94,2.70,0.42,7.34,2.75,4.59,0.49,1.48,0.12,-0.06,-0.03,1.97,5.93,4.00,2.02,24.78,12.42,9.72,6.30,,,,,,,,,,,,,,,,,,,,,,,,,,,,,,,,,,,,,,,,,,,,,,,,,,,,,,
April 2024,18.73,1.03,17.70,0.20,0.03,3.98,3.63,0.35,7.38,2.66,4.72,0.49,1.62,0.10,-0.06,-0.03,1.96,3.97,2.43,2.69,22.81,13.47,9.84,4.21,,,,,,,,,,,,,,,,,,,,,,,,,,,,,,,,,,,,,,,,,,,,,,,,,,,,,,
May 2024,16.27,0.97,15.30,0.09,0.05,5.44,3.56,0.19,3.66,1.16,2.50,0.61,1.64,0.13,-0.04,-0.03,1.90,5.45,3.55,2.32,21.17,9.65,6.09,5.59,,,,,,,,,,,,,,,,,,,,,,,,,,,,,,,,,,,,,,,,,,,,,,,,,,,,,,
June 2024,15.39,0.95,14.44,0.02,0.03,4.18,3.30,0.17,4.58,1.86,2.71,0.70,1.43,0.13,-0.06,-0.03,1.62,4.17,3.24,2.20,19.88,10.17,6.87,4.23,,,,,,,,,,,,,,,,,,,,,,,,,,,,,,,,,,,,,,,,,,,,,,,,,,,,,,
July 2024,15.90,0.98,14.92,0.10,0.03,5.03,3.32,0.19,4.02,1.37,2.65,0.62,1.58,0.13,-0.07,-0.03,1.85,5.02,3.52,2.33,20.78,9.74,6.41,5.16,,,,,,,,,,,,,,,,,,,,,,,,,,,,,,,,,,,,,,,,,,,,,,,,,,,,,,
August 2024,17.12,1.03,16.09,0.05,0.03,3.56,3.81,0.28,6.14,2.40,3.75,0.59,1.57,0.13,-0.05,-0.03,1.87,3.47,1.92,2.52,20.52,12.39,8.59,3.65,,,,,,,,,,,,,,,,,,,,,,,,,,,,,,,,,,,,,,,,,,,,,,,,,,,,,,
September 2024,17.25,0.92,16.33,0.07,0.04,5.44,3.31,0.29,5.04,1.66,3.38,0.40,1.71,0.11,-0.05,-0.03,1.94,5.43,2.71,2.55,21.58,10.74,7.42,5.55,,,,,,,,,,,,,,,,,,,,,,,,,,,,,,,,,,,,,,,,,,,,,,,,,,,,,,
October 2024,19.85,0.99,18.86,0.00,0.03,6.89,2.92,0.25,6.52,2.42,4.10,0.29,1.93,0.11,-0.05,-0.03,2.12,6.83,2.52,2.33,23.71,11.91,8.99,6.92,,,,,,,,,,,,,,,,,,,,,,,,,,,,,,,,,,,,,,,,,,,,,,,,,,,,,,
November 2024,21.78,1.02,20.76,0.00,0.04,9.56,2.94,0.24,5.96,1.97,3.99,0.12,1.86,0.12,-0.05,-0.03,2.07,9.51,2.51,2.53,25.79,11.12,8.18,9.59,,,,,,,,,,,,,,,,,,,,,,,,,,,,,,,,,,,,,,,,,,,,,,,,,,,,,,
December 2024,22.77,1.06,21.71,0.00,0.03,7.59,2.95,0.59,8.86,3.19,5.67,0.07,1.59,0.13,-0.06,-0.03,1.97,7.36,2.00,3.03,26.74,14.05,11.10,7.61,,,,,,,,,,,,,,,,,,,,,,,,,,,,,,,,,,,,,,,,,,,,,,,,,,,,,,
January 2025,24.90,1.16,23.74,0.00,0.03,11.16,3.17,0.48,6.84,2.31,4.54,0.13,1.88,0.14,-0.06,-0.03,2.36,10.85,2.56,2.54,28.84,12.51,9.34,11.20,,,,,,,,,,,,,,,,,,,,,,,,,,,,,,,,,,,,,,,,,,,,,,,,,,,,,,
February 2025,22.22,1.01,21.22,0.00,0.02,8.45,2.88,0.36,7.42,2.71,4.71,0.20,1.85,0.12,-0.05,-0.03,2.13,8.32,1.84,2.27,25.32,12.70,9.82,8.47,,,,,,,,,,,,,,,,,,,,,,,,,,,,,,,,,,,,,,,,,,,,,,,,,,,,,,
March 2025,19.96,0.99,18.97,0.00,0.02,7.95,2.71,0.30,6.01,2.35,3.65,0.54,1.41,0.11,-0.04,-0.03,1.60,7.89,3.44,2.03,24.44,10.97,8.26,7.97,,,,,,,,,,,,,,,,,,,,,,,,,,,,,,,,,,,,,,,,,,,,,,,,,,,,,,
April 2025,16.51,0.79,15.71,0.00,0.03,5.96,2.78,0.12,4.39,1.58,2.82,0.74,1.61,0.10,0.01,-0.03,1.76,5.95,3.09,2.93,21.73,9.64,6.86,5.99,,,,,,,,,,,,,,,,,,,,,,,,,,,,,,,,,,,,,,,,,,,,,,,,,,,,,,
May 2025,16.50,0.81,15.69,0.00,0.02,4.71,3.22,0.12,5.19,1.59,3.60,0.82,1.52,0.12,-0.01,-0.03,1.70,4.68,2.42,2.93,21.04,10.88,7.66,4.73,,,,,,,,,,,,,,,,,,,,,,,,,,,,,,,,,,,,,,,,,,,,,,,,,,,,,,
June 2025,16.80,0.82,15.97,0.00,0.03,4.06,3.08,0.16,6.21,2.20,4.01,0.81,1.56,0.11,-0.01,-0.03,1.73,4.03,1.88,2.99,20.84,11.81,8.73,4.09,,,,,,,,,,,,,,,,,,,,,,,,,,,,,,,,,,,,,,,,,,,,,,,,,,,,,,
July 2025,16.31,0.80,15.51,0.00,0.04,5.64,3.14,0.21,3.83,1.30,2.53,0.73,1.83,0.12,-0.01,-0.03,2.09,5.54,3.15,2.18,20.83,9.74,6.60,5.68,,,,,,,,,,,,,,,,,,,,,,,,,,,,,,,,,,,,,,,,,,,,,,,,,,,,,,
August 2025,15.96,0.73,15.23,0.00,0.02,5.17,2.32,0.21,5.10,1.75,3.36,0.67,1.67,0.12,-0.01,-0.03,1.92,5.05,2.85,2.13,20.21,9.96,7.64,5.19,,,,,,,,,,,,,,,,,,,,,,,,,,,,,,,,,,,,,,,,,,,,,,,,,,,,,,
September 2025,17.42,0.76,16.66,0.00,0.04,4.99,2.05,0.27,7.12,2.23,4.89,0.51,1.60,0.12,-0.03,-0.03,1.83,4.93,2.10,3.04,21.81,11.56,9.51,5.03,,,,,,,,,,,,,,,,,,,,,,,,,,,,,,,,,,,,,,,,,,,,,,,,,,,,,,
October 2025,20.38,0.89,19.49,0.00,0.04,7.13,2.43,0.36,7.62,2.59,5.03,0.27,1.59,0.12,-0.03,-0.03,1.86,7.01,2.20,1.88,23.57,12.26,9.83,7.17,,,,,,,,,,,,,,,,,,,,,,,,,,,,,,,,,,,,,,,,,,,,,,,,,,,,,,
November 2025,22.63,0.94,21.69,0.00,0.04,7.28,2.58,0.49,8.94,2.74,6.19,0.17,2.14,0.13,-0.05,-0.03,2.42,7.18,1.51,2.10,25.30,14.31,11.74,7.33,,,,,,,,,,,,,,,,,,,,,,,,,,,,,,,,,,,,,,,,,,,,,,,,,,,,,,
December 2025,22.83,0.96,21.88,0.00,0.05,6.98,2.66,0.57,9.43,2.97,6.47,0.11,2.00,0.14,-0.03,-0.03,2.25,6.92,2.71,2.11,26.70,14.77,12.11,7.02,,,,,,,,,,,,,,,,,,,,,,,,,,,,,,,,,,,,,,,,,,,,,,,,,,,,,,
January 2026 [provisional],25.56,1.00,24.56,0.00,0.05,9.50,2.76,0.39,9.72,3.35,6.37,0.13,1.95,0.13,-0.05,-0.03,2.14,9.50,1.84,2.40,28.80,14.96,12.19,9.55,,,,,,,,,,,,,,,,,,,,,,,,,,,,,,,,,,,,,,,,,,,,,,,,,,,,,,
,,,,,,,,,,,,,,,,,,,,,,,,,,,,,,,,,,,,,,,,,,,,,,,,,,,,,,,,,,,,,,,,,,,,,,,,,,,,,,
,,,,,,,,,,,,,,,,,,,,,,,,,,,,,,,,,,,,,,,,,,,,,,,,,,,,,,,,,,,,,,,,,,,,,,,,,,,,,,
,,,,,,,,,,,,,,,,,,,,,,,,,,,,,,,,,,,,,,,,,,,,,,,,,,,,,,,,,,,,,,,,,,,,,,,,,,,,,,
,,,,,,,,,,,,,,,,,,,,,,,,,,,,,,,,,,,,,,,,,,,,,,,,,,,,,,,,,,,,,,,,,,,,,,,,,,,,,,
,,,,,,,,,,,,,,,,,,,,,,,,,,,,,,,,,,,,,,,,,,,,,,,,,,,,,,,,,,,,,,,,,,,,,,,,,,,,,,
,,,,,,,,,,,,,,,,,,,,,,,,,,,,,,,,,,,,,,,,,,,,,,,,,,,,,,,,,,,,,,,,,,,,,,,,,,,,,,
,,,,,,,,,,,,,,,,,,,,,,,,,,,,,,,,,,,,,,,,,,,,,,,,,,,,,,,,,,,,,,,,,,,,,,,,,,,,,,
,,,,,,,,,,,,,,,,,,,,,,,,,,,,,,,,,,,,,,,,,,,,,,,,,,,,,,,,,,,,,,,,,,,,,,,,,,,,,,
,,,,,,,,,,,,,,,,,,,,,,,,,,,,,,,,,,,,,,,,,,,,,,,,,,,,,,,,,,,,,,,,,,,,,,,,,,,,,,
,,,,,,,,,,,,,,,,,,,,,,,,,,,,,,,,,,,,,,,,,,,,,,,,,,,,,,,,,,,,,,,,,,,,,,,,,,,,,,
,,,,,,,,,,,,,,,,,,,,,,,,,,,,,,,,,,,,,,,,,,,,,,,,,,,,,,,,,,,,,,,,,,,,,,,,,,,,,,
,,,,,,,,,,,,,,,,,,,,,,,,,,,,,,,,,,,,,,,,,,,,,,,,,,,,,,,,,,,,,,,,,,,,,,,,,,,,,,
,,,,,,,,,,,,,,,,,,,,,,,,,,,,,,,,,,,,,,,,,,,,,,,,,,,,,,,,,,,,,,,,,,,,,,,,,,,,,,
,,,,,,,,,,,,,,,,,,,,,,,,,,,,,,,,,,,,,,,,,,,,,,,,,,,,,,,,,,,,,,,,,,,,,,,,,,,,,,
,,,,,,,,,,,,,,,,,,,,,,,,,,,,,,,,,,,,,,,,,,,,,,,,,,,,,,,,,,,,,,,,,,,,,,,,,,,,,,
,,,,,,,,,,,,,,,,,,,,,,,,,,,,,,,,,,,,,,,,,,,,,,,,,,,,,,,,,,,,,,,,,,,,,,,,,,,,,,
,,,,,,,,,,,,,,,,,,,,,,,,,,,,,,,,,,,,,,,,,,,,,,,,,,,,,,,,,,,,,,,,,,,,,,,,,,,,,,
,,,,,,,,,,,,,,,,,,,,,,,,,,,,,,,,,,,,,,,,,,,,,,,,,,,,,,,,,,,,,,,,,,,,,,,,,,,,,,
,,,,,,,,,,,,,,,,,,,,,,,,,,,,,,,,,,,,,,,,,,,,,,,,,,,,,,,,,,,,,,,,,,,,,,,,,,,,,,
,,,,,,,,,,,,,,,,,,,,,,,,,,,,,,,,,,,,,,,,,,,,,,,,,,,,,,,,,,,,,,,,,,,,,,,,,,,,,,
,,,,,,,,,,,,,,,,,,,,,,,,,,,,,,,,,,,,,,,,,,,,,,,,,,,,,,,,,,,,,,,,,,,,,,,,,,,,,,
,,,,,,,,,,,,,,,,,,,,,,,,,,,,,,,,,,,,,,,,,,,,,,,,,,,,,,,,,,,,,,,,,,,,,,,,,,,,,,
,,,,,,,,,,,,,,,,,,,,,,,,,,,,,,,,,,,,,,,,,,,,,,,,,,,,,,,,,,,,,,,,,,,,,,,,,,,,,,
,,,,,,,,,,,,,,,,,,,,,,,,,,,,,,,,,,,,,,,,,,,,,,,,,,,,,,,,,,,,,,,,,,,,,,,,,,,,,,
,,,,,,,,,,,,,,,,,,,,,,,,,,,,,,,,,,,,,,,,,,,,,,,,,,,,,,,,,,,,,,,,,,,,,,,,,,,,,,
,,,,,,,,,,,,,,,,,,,,,,,,,,,,,,,,,,,,,,,,,,,,,,,,,,,,,,,,,,,,,,,,,,,,,,,,,,,,,,
,,,,,,,,,,,,,,,,,,,,,,,,,,,,,,,,,,,,,,,,,,,,,,,,,,,,,,,,,,,,,,,,,,,,,,,,,,,,,,
,,,,,,,,,,,,,,,,,,,,,,,,,,,,,,,,,,,,,,,,,,,,,,,,,,,,,,,,,,,,,,,,,,,,,,,,,,,,,,
,,,,,,,,,,,,,,,,,,,,,,,,,,,,,,,,,,,,,,,,,,,,,,,,,,,,,,,,,,,,,,,,,,,,,,,,,,,,,,
,,,,,,,,,,,,,,,,,,,,,,,,,,,,,,,,,,,,,,,,,,,,,,,,,,,,,,,,,,,,,,,,,,,,,,,,,,,,,,
,,,,,,,,,,,,,,,,,,,,,,,,,,,,,,,,,,,,,,,,,,,,,,,,,,,,,,,,,,,,,,,,,,,,,,,,,,,,,,
,,,,,,,,,,,,,,,,,,,,,,,,,,,,,,,,,,,,,,,,,,,,,,,,,,,,,,,,,,,,,,,,,,,,,,,,,,,,,,
,,,,,,,,,,,,,,,,,,,,,,,,,,,,,,,,,,,,,,,,,,,,,,,,,,,,,,,,,,,,,,,,,,,,,,,,,,,,,,
,,,,,,,,,,,,,,,,,,,,,,,,,,,,,,,,,,,,,,,,,,,,,,,,,,,,,,,,,,,,,,,,,,,,,,,,,,,,,,
,,,,,,,,,,,,,,,,,,,,,,,,,,,,,,,,,,,,,,,,,,,,,,,,,,,,,,,,,,,,,,,,,,,,,,,,,,,,,,
,,,,,,,,,,,,,,,,,,,,,,,,,,,,,,,,,,,,,,,,,,,,,,,,,,,,,,,,,,,,,,,,,,,,,,,,,,,,,,
,,,,,,,,,,,,,,,,,,,,,,,,,,,,,,,,,,,,,,,,,,,,,,,,,,,,,,,,,,,,,,,,,,,,,,,,,,,,,,
,,,,,,,,,,,,,,,,,,,,,,,,,,,,,,,,,,,,,,,,,,,,,,,,,,,,,,,,,,,,,,,,,,,,,,,,,,,,,,
,,,,,,,,,,,,,,,,,,,,,,,,,,,,,,,,,,,,,,,,,,,,,,,,,,,,,,,,,,,,,,,,,,,,,,,,,,,,,,
,,,,,,,,,,,,,,,,,,,,,,,,,,,,,,,,,,,,,,,,,,,,,,,,,,,,,,,,,,,,,,,,,,,,,,,,,,,,,,
,,,,,,,,,,,,,,,,,,,,,,,,,,,,,,,,,,,,,,,,,,,,,,,,,,,,,,,,,,,,,,,,,,,,,,,,,,,,,,
,,,,,,,,,,,,,,,,,,,,,,,,,,,,,,,,,,,,,,,,,,,,,,,,,,,,,,,,,,,,,,,,,,,,,,,,,,,,,,
,,,,,,,,,,,,,,,,,,,,,,,,,,,,,,,,,,,,,,,,,,,,,,,,,,,,,,,,,,,,,,,,,,,,,,,,,,,,,,
,,,,,,,,,,,,,,,,,,,,,,,,,,,,,,,,,,,,,,,,,,,,,,,,,,,,,,,,,,,,,,,,,,,,,,,,,,,,,,
,,,,,,,,,,,,,,,,,,,,,,,,,,,,,,,,,,,,,,,,,,,,,,,,,,,,,,,,,,,,,,,,,,,,,,,,,,,,,,
,,,,,,,,,,,,,,,,,,,,,,,,,,,,,,,,,,,,,,,,,,,,,,,,,,,,,,,,,,,,,,,,,,,,,,,,,,,,,,
,,,,,,,,,,,,,,,,,,,,,,,,,,,,,,,,,,,,,,,,,,,,,,,,,,,,,,,,,,,,,,,,,,,,,,,,,,,,,,
,,,,,,,,,,,,,,,,,,,,,,,,,,,,,,,,,,,,,,,,,,,,,,,,,,,,,,,,,,,,,,,,,,,,,,,,,,,,,,
,,,,,,,,,,,,,,,,,,,,,,,,,,,,,,,,,,,,,,,,,,,,,,,,,,,,,,,,,,,,,,,,,,,,,,,,,,,,,,
,,,,,,,,,,,,,,,,,,,,,,,,,,,,,,,,,,,,,,,,,,,,,,,,,,,,,,,,,,,,,,,,,,,,,,,,,,,,,,
,,,,,,,,,,,,,,,,,,,,,,,,,,,,,,,,,,,,,,,,,,,,,,,,,,,,,,,,,,,,,,,,,,,,,,,,,,,,,,
,,,,,,,,,,,,,,,,,,,,,,,,,,,,,,,,,,,,,,,,,,,,,,,,,,,,,,,,,,,,,,,,,,,,,,,,,,,,,,
,,,,,,,,,,,,,,,,,,,,,,,,,,,,,,,,,,,,,,,,,,,,,,,,,,,,,,,,,,,,,,,,,,,,,,,,,,,,,,
