Year,Cars - petrol,Cars - white diesel,Cars - all,LGV - petrol,LGV - white diesel,LGV - all,Artic HGV - white diesel,Rigid HGV - white diesel,HGV - white diesel,Buses - white diesel,Motorcycles - petrol,All - white diesel,All - petrol,All - LPG (unallocated),All - biofuels (Unallocated),All vehicles,,,,,,,,,,,,,,,,
1970,12.03,0.11,12.13,1.78,0.25,2.04,0.81,2.65,3.47,0.98,0.20,4.81,14.01,0.00,[x],18.82,,,,,,,,,,,,,,,,
1971,12.72,0.12,12.83,1.82,0.28,2.10,0.84,2.75,3.59,0.98,0.20,4.96,14.74,0.00,[x],19.70,,,,,,,,,,,,,,,,
1972,13.60,0.12,13.72,1.89,0.30,2.19,0.85,2.78,3.63,0.97,0.18,5.02,15.67,0.00,[x],20.69,,,,,,,,,,,,,,,,
1973,14.51,0.13,14.64,1.98,0.33,2.31,0.92,3.02,3.94,1.00,0.20,5.40,16.68,0.00,[x],22.09,,,,,,,,,,,,,,,,
1974,14.05,0.13,14.18,1.99,0.34,2.33,0.97,2.91,3.87,0.92,0.21,5.27,16.24,0.00,[x],21.51,,,,,,,,,,,,,,,,
1975,13.74,0.13,13.87,1.91,0.33,2.24,0.95,2.87,3.82,0.90,0.24,5.18,15.89,0.00,[x],21.07,,,,,,,,,,,,,,,,
1976,14.38,0.13,14.52,1.95,0.33,2.28,1.02,2.96,3.98,0.91,0.30,5.35,16.64,0.00,[x],22.00,,,,,,,,,,,,,,,,
1977,14.82,0.14,14.96,1.98,0.36,2.33,1.11,2.94,4.06,0.91,0.30,5.47,17.10,0.00,[x],22.56,,,,,,,,,,,,,,,,
1978,15.76,0.15,15.90,2.05,0.37,2.42,1.20,2.98,4.19,0.92,0.30,5.63,18.11,0.00,[x],23.73,,,,,,,,,,,,,,,,
1979,16.06,0.15,16.20,2.06,0.38,2.44,1.31,3.02,4.34,0.94,0.32,5.81,18.44,0.00,[x],24.25,,,,,,,,,,,,,,,,
1980,16.50,0.15,16.65,2.04,0.38,2.43,1.25,2.87,4.12,0.97,0.37,5.63,18.91,0.00,[x],24.54,,,,,,,,,,,,,,,,
1981,16.12,0.15,16.27,1.96,0.39,2.35,1.19,2.66,3.85,0.94,0.41,5.33,18.49,0.00,[x],23.82,,,,,,,,,,,,,,,,
1982,16.66,0.16,16.82,1.93,0.41,2.34,1.29,2.66,3.95,0.99,0.43,5.51,19.02,0.00,[x],24.53,,,,,,,,,,,,,,,,
1983,17.01,0.18,17.19,1.93,0.43,2.36,1.42,2.84,4.26,1.10,0.39,5.96,19.33,0.00,[x],25.29,,,,,,,,,,,,,,,,
1984,17.60,0.19,17.79,2.02,0.47,2.48,1.59,3.08,4.67,1.19,0.37,6.52,19.99,0.00,[x],26.51,,,,,,,,,,,,,,,,
1985,17.79,0.21,18.00,2.04,0.50,2.54,1.71,3.27,4.98,1.18,0.33,6.87,20.16,0.00,[x],27.03,,,,,,,,,,,,,,,,
1986,18.75,0.24,18.99,2.15,0.57,2.71,1.91,3.63,5.54,1.28,0.32,7.62,21.22,0.00,[x],28.84,,,,,,,,,,,,,,,,
1987,19.37,0.35,19.72,2.26,0.60,2.86,2.14,3.75,5.89,1.37,0.29,8.21,21.93,0.00,[x],30.14,,,,,,,,,,,,,,,,
1988,20.36,0.42,20.79,2.36,0.77,3.13,2.41,4.02,6.43,1.47,0.26,9.10,22.98,0.00,[x],32.08,,,,,,,,,,,,,,,,
1989,20.81,0.60,21.41,2.60,1.20,3.80,3.04,3.38,6.42,1.61,0.24,9.83,23.65,0.00,[x],33.48,,,,,,,,,,,,,,,,
1990,21.54,1.03,22.57,2.23,1.31,3.53,3.23,3.40,6.63,1.65,0.20,10.62,23.97,0.00,[x],34.59,,,,,,,,,,,,,,,,
1991,21.33,1.17,22.50,2.16,1.51,3.67,3.11,3.19,6.30,1.68,0.20,10.66,23.68,0.00,[x],34.34,,,,,,,,,,,,,,,,
1992,21.52,1.47,22.99,2.02,1.68,3.70,3.06,3.21,6.28,1.66,0.17,11.09,23.71,0.00,[x],34.80,,,,,,,,,,,,,,,,
1993,21.40,1.89,23.28,1.89,1.86,3.75,3.35,3.01,6.36,1.66,0.14,11.76,23.42,0.00,[x],35.19,,,,,,,,,,,,,,,,
1994,20.62,2.45,23.07,1.74,2.16,3.90,3.51,3.06,6.57,1.68,0.14,12.87,22.50,0.00,[x],35.36,,,,,,,,,,,,,,,,
1995,19.91,2.87,22.79,1.56,2.31,3.87,3.53,2.97,6.50,1.72,0.13,13.41,21.60,0.00,[x],35.01,,,,,,,,,,,,,,,,
1996,20.42,3.32,23.74,1.50,2.55,4.05,3.70,3.01,6.70,1.74,0.14,14.31,22.06,0.00,[x],36.37,,,,,,,,,,,,,,,,
1997,20.18,3.65,23.83,1.38,2.80,4.18,3.79,2.95,6.74,1.74,0.15,14.92,21.71,0.00,[x],36.64,,,,,,,,,,,,,,,,
1998,19.86,3.87,23.73,1.25,2.97,4.22,3.69,2.88,6.58,1.67,0.15,15.08,21.26,0.00,[x],36.35,,,,,,,,,,,,,,,,
1999,20.05,4.13,24.18,1.11,3.12,4.23,3.72,2.84,6.55,1.64,0.17,15.45,21.32,0.01,[x],36.78,,,,,,,,,,,,,,,,
2000,19.73,4.32,24.05,0.95,3.25,4.21,3.68,2.78,6.46,1.54,0.17,15.57,20.85,0.02,[x],36.44,,,,,,,,,,,,,,,,
2001,19.46,4.64,24.10,0.82,3.42,4.23,3.66,2.78,6.45,1.49,0.17,15.99,20.45,0.05,[x],36.49,,,,,,,,,,,,,,,,
2002,19.48,5.18,24.66,0.70,3.59,4.29,3.75,2.85,6.60,1.49,0.18,16.86,20.36,0.09,0.00,37.31,,,,,,,,,,,,,,,,
2003,18.66,5.65,24.31,0.61,3.81,4.43,3.75,2.91,6.66,1.52,0.20,17.64,19.47,0.10,0.02,37.23,,,,,,,,,,,,,,,,
2004,18.29,6.20,24.49,0.54,4.01,4.55,3.89,2.89,6.78,1.44,0.18,18.43,19.01,0.11,0.02,37.57,,,,,,,,,,,,,,,,
2005,17.63,6.87,24.50,0.47,4.18,4.66,3.88,2.93,6.81,1.43,0.19,19.29,18.29,0.12,0.10,37.80,,,,,,,,,,,,,,,,
2006,16.91,7.48,24.39,0.41,4.34,4.75,3.90,2.90,6.81,1.44,0.18,20.07,17.49,0.13,0.22,37.91,,,,,,,,,,,,,,,,
2007,16.31,8.08,24.39,0.37,4.55,4.92,3.95,2.91,6.86,1.46,0.19,20.95,16.88,0.12,0.43,38.37,,,,,,,,,,,,,,,,
2008,15.57,8.44,24.01,0.35,4.32,4.67,3.65,2.68,6.34,1.30,0.18,20.40,16.10,0.12,0.95,37.58,,,,,,,,,,,,,,,,
2009,14.71,8.65,23.36,0.31,4.31,4.61,3.37,2.47,5.83,1.30,0.18,20.09,15.19,0.11,1.18,36.57,,,,,,,,,,,,,,,,
2010,13.73,8.99,22.72,0.28,4.46,4.74,3.46,2.51,5.98,1.33,0.16,20.75,14.16,0.11,1.43,36.46,,,,,,,,,,,,,,,,
2011,13.03,9.40,22.43,0.26,4.48,4.73,3.39,2.40,5.79,1.22,0.16,20.88,13.44,0.10,0.94,35.37,,,,,,,,,,,,,,,,
2012,12.39,9.94,22.33,0.24,4.64,4.88,3.41,2.33,5.74,1.24,0.14,21.56,12.76,0.09,1.17,35.59,,,,,,,,,,,,,,,,
2013,11.78,10.26,22.04,0.22,4.67,4.90,3.43,2.27,5.70,1.18,0.14,21.82,12.14,0.09,1.35,35.40,,,,,,,,,,,,,,,,
2014,11.51,10.72,22.23,0.21,4.93,5.14,3.52,2.33,5.84,1.18,0.15,22.68,11.87,0.09,1.50,36.13,,,,,,,,,,,,,,,,
2015,11.08,11.07,22.15,0.20,5.12,5.32,3.63,2.36,5.99,1.13,0.15,23.30,11.43,0.08,1.23,36.05,,,,,,,,,,,,,,,,
2016,11.16,11.61,22.77,0.20,5.54,5.73,3.76,2.41,6.17,1.10,0.15,24.42,11.51,0.07,1.25,37.25,,,,,,,,,,,,,,,,
2017,10.96,11.89,22.84,0.19,5.65,5.84,3.87,2.39,6.25,1.06,0.15,24.85,11.30,0.07,1.26,37.48,,,,,,,,,,,,,,,,
2018,10.75,11.73,22.49,0.18,5.68,5.86,3.93,2.31,6.24,1.01,0.14,24.67,11.07,0.07,1.62,37.43,,,,,,,,,,,,,,,,
2019,10.98,11.04,22.01,0.17,5.47,5.63,3.78,2.14,5.92,0.93,0.14,23.35,11.28,0.06,2.10,36.79,,,,,,,,,,,,,,,,
2020,8.42,8.40,16.81,0.14,5.21,5.35,3.82,2.05,5.88,0.68,0.11,20.16,8.67,0.06,1.92,30.81,,,,,,,,,,,,,,,,
2021,9.38,8.94,18.33,0.15,5.73,5.88,4.08,2.18,6.26,0.74,0.13,21.67,9.66,0.06,1.83,33.23,,,,,,,,,,,,,,,,
2022,10.15,8.89,19.04,0.16,5.63,5.79,3.82,2.03,5.85,0.74,0.14,21.11,10.45,0.06,2.53,34.15,,,,,,,,,,,,,,,,
2023,10.62,8.45,19.07,0.16,5.49,5.65,3.66,1.92,5.58,0.70,0.15,20.22,10.93,0.10,2.87,34.11,,,,,,,,,,,,,,,,
,,,,,,,,,,,,,,,,,,,,,,,,,,,,,,,,
,,,,,,,,,,,,,,,,,,,,,,,,,,,,,,,,
,,,,,,,,,,,,,,,,,,,,,,,,,,,,,,,,
,,,,,,,,,,,,,,,,,,,,,,,,,,,,,,,,
,,,,,,,,,,,,,,,,,,,,,,,,,,,,,,,,
,,,,,,,,,,,,,,,,,,,,,,,,,,,,,,,,
,,,,,,,,,,,,,,,,,,,,,,,,,,,,,,,,
,,,,,,,,,,,,,,,,,,,,,,,,,,,,,,,,
,,,,,,,,,,,,,,,,,,,,,,,,,,,,,,,,
,,,,,,,,,,,,,,,,,,,,,,,,,,,,,,,,
,,,,,,,,,,,,,,,,,,,,,,,,,,,,,,,,
,,,,,,,,,,,,,,,,,,,,,,,,,,,,,,,,
,,,,,,,,,,,,,,,,,,,,,,,,,,,,,,,,
,,,,,,,,,,,,,,,,,,,,,,,,,,,,,,,,
,,,,,,,,,,,,,,,,,,,,,,,,,,,,,,,,
,,,,,,,,,,,,,,,,,,,,,,,,,,,,,,,,
,,,,,,,,,,,,,,,,,,,,,,,,,,,,,,,,
,,,,,,,,,,,,,,,,,,,,,,,,,,,,,,,,
,,,,,,,,,,,,,,,,,,,,,,,,,,,,,,,,
,,,,,,,,,,,,,,,,,,,,,,,,,,,,,,,,
,,,,,,,,,,,,,,,,,,,,,,,,,,,,,,,,
,,,,,,,,,,,,,,,,,,,,,,,,,,,,,,,,
,,,,,,,,,,,,,,,,,,,,,,,,,,,,,,,,
,,,,,,,,,,,,,,,,,,,,,,,,,,,,,,,,
,,,,,,,,,,,,,,,,,,,,,,,,,,,,,,,,
,,,,,,,,,,,,,,,,,,,,,,,,,,,,,,,,
,,,,,,,,,,,,,,,,,,,,,,,,,,,,,,,,
,,,,,,,,,,,,,,,,,,,,,,,,,,,,,,,,
,,,,,,,,,,,,,,,,,,,,,,,,,,,,,,,,
,,,,,,,,,,,,,,,,,,,,,,,,,,,,,,,,
,,,,,,,,,,,,,,,,,,,,,,,,,,,,,,,,
,,,,,,,,,,,,,,,,,,,,,,,,,,,,,,,,
,,,,,,,,,,,,,,,,,,,,,,,,,,,,,,,,
,,,,,,,,,,,,,,,,,,,,,,,,,,,,,,,,
,,,,,,,,,,,,,,,,,,,,,,,,,,,,,,,,
,,,,,,,,,,,,,,,,,,,,,,,,,,,,,,,,
,,,,,,,,,,,,,,,,,,,,,,,,,,,,,,,,
,,,,,,,,,,,,,,,,,,,,,,,,,,,,,,,,
,,,,,,,,,,,,,,,,,,,,,,,,,,,,,,,,
,,,,,,,,,,,,,,,,,,,,,,,,,,,,,,,,
,,,,,,,,,,,,,,,,,,,,,,,,,,,,,,,,
,,,,,,,,,,,,,,,,,,,,,,,,,,,,,,,,
,,,,,,,,,,,,,,,,,,,,,,,,,,,,,,,,
,,,,,,,,,,,,,,,,,,,,,,,,,,,,,,,,
,,,,,,,,,,,,,,,,,,,,,,,,,,,,,,,,
,,,,,,,,,,,,,,,,,,,,,,,,,,,,,,,,
,,,,,,,,,,,,,,,,,,,,,,,,,,,,,,,,
,,,,,,,,,,,,,,,,,,,,,,,,,,,,,,,,
,,,,,,,,,,,,,,,,,,,,,,,,,,,,,,,,
,,,,,,,,,,,,,,,,,,,,,,,,,,,,,,,,
,,,,,,,,,,,,,,,,,,,,,,,,,,,,,,,,
,,,,,,,,,,,,,,,,,,,,,,,,,,,,,,,,
,,,,,,,,,,,,,,,,,,,,,,,,,,,,,,,,
,,,,,,,,,,,,,,,,,,,,,,,,,,,,,,,,
,,,,,,,,,,,,,,,,,,,,,,,,,,,,,,,,
,,,,,,,,,,,,,,,,,,,,,,,,,,,,,,,,
,,,,,,,,,,,,,,,,,,,,,,,,,,,,,,,,
,,,,,,,,,,,,,,,,,,,,,,,,,,,,,,,,
,,,,,,,,,,,,,,,,,,,,,,,,,,,,,,,,
,,,,,,,,,,,,,,,,,,,,,,,,,,,,,,,,
,,,,,,,,,,,,,,,,,,,,,,,,,,,,,,,,
,,,,,,,,,,,,,,,,,,,,,,,,,,,,,,,,
,,,,,,,,,,,,,,,,,,,,,,,,,,,,,,,,
,,,,,,,,,,,,,,,,,,,,,,,,,,,,,,,,
,,,,,,,,,,,,,,,,,,,,,,,,,,,,,,,,
,,,,,,,,,,,,,,,,,,,,,,,,,,,,,,,,
,,,,,,,,,,,,,,,,,,,,,,,,,,,,,,,,
,,,,,,,,,,,,,,,,,,,,,,,,,,,,,,,,
,,,,,,,,,,,,,,,,,,,,,,,,,,,,,,,,
,,,,,,,,,,,,,,,,,,,,,,,,,,,,,,,,
,,,,,,,,,,,,,,,,,,,,,,,,,,,,,,,,
,,,,,,,,,,,,,,,,,,,,,,,,,,,,,,,,
,,,,,,,,,,,,,,,,,,,,,,,,,,,,,,,,
,,,,,,,,,,,,,,,,,,,,,,,,,,,,,,,,
,,,,,,,,,,,,,,,,,,,,,,,,,,,,,,,,
,,,,,,,,,,,,,,,,,,,,,,,,,,,,,,,,
,,,,,,,,,,,,,,,,,,,,,,,,,,,,,,,,
,,,,,,,,,,,,,,,,,,,,,,,,,,,,,,,,
,,,,,,,,,,,,,,,,,,,,,,,,,,,,,,,,
,,,,,,,,,,,,,,,,,,,,,,,,,,,,,,,,
,,,,,,,,,,,,,,,,,,,,,,,,,,,,,,,,
,,,,,,,,,,,,,,,,,,,,,,,,,,,,,,,,
,,,,,,,,,,,,,,,,,,,,,,,,,,,,,,,,
,,,,,,,,,,,,,,,,,,,,,,,,,,,,,,,,
,,,,,,,,,,,,,,,,,,,,,,,,,,,,,,,,
,,,,,,,,,,,,,,,,,,,,,,,,,,,,,,,,
,,,,,,,,,,,,,,,,,,,,,,,,,,,,,,,,
,,,,,,,,,,,,,,,,,,,,,,,,,,,,,,,,
,,,,,,,,,,,,,,,,,,,,,,,,,,,,,,,,
,,,,,,,,,,,,,,,,,,,,,,,,,,,,,,,,
,,,,,,,,,,,,,,,,,,,,,,,,,,,,,,,,
,,,,,,,,,,,,,,,,,,,,,,,,,,,,,,,,
,,,,,,,,,,,,,,,,,,,,,,,,,,,,,,,,
,,,,,,,,,,,,,,,,,,,,,,,,,,,,,,,,
,,,,,,,,,,,,,,,,,,,,,,,,,,,,,,,,
,,,,,,,,,,,,,,,,,,,,,,,,,,,,,,,,
,,,,,,,,,,,,,,,,,,,,,,,,,,,,,,,,
,,,,,,,,,,,,,,,,,,,,,,,,,,,,,,,,
,,,,,,,,,,,,,,,,,,,,,,,,,,,,,,,,
,,,,,,,,,,,,,,,,,,,,,,,,,,,,,,,,
,,,,,,,,,,,,,,,,,,,,,,,,,,,,,,,,
,,,,,,,,,,,,,,,,,,,,,,,,,,,,,,,,
,,,,,,,,,,,,,,,,,,,,,,,,,,,,,,,,
,,,,,,,,,,,,,,,,,,,,,,,,,,,,,,,,
,,,,,,,,,,,,,,,,,,,,,,,,,,,,,,,,
,,,,,,,,,,,,,,,,,,,,,,,,,,,,,,,,
,,,,,,,,,,,,,,,,,,,,,,,,,,,,,,,,
,,,,,,,,,,,,,,,,,,,,,,,,,,,,,,,,
,,,,,,,,,,,,,,,,,,,,,,,,,,,,,,,,
,,,,,,,,,,,,,,,,,,,,,,,,,,,,,,,,
,,,,,,,,,,,,,,,,,,,,,,,,,,,,,,,,
,,,,,,,,,,,,,,,,,,,,,,,,,,,,,,,,
,,,,,,,,,,,,,,,,,,,,,,,,,,,,,,,,
,,,,,,,,,,,,,,,,,,,,,,,,,,,,,,,,
,,,,,,,,,,,,,,,,,,,,,,,,,,,,,,,,
,,,,,,,,,,,,,,,,,,,,,,,,,,,,,,,,
,,,,,,,,,,,,,,,,,,,,,,,,,,,,,,,,
,,,,,,,,,,,,,,,,,,,,,,,,,,,,,,,,
,,,,,,,,,,,,,,,,,,,,,,,,,,,,,,,,
,,,,,,,,,,,,,,,,,,,,,,,,,,,,,,,,
,,,,,,,,,,,,,,,,,,,,,,,,,,,,,,,,
,,,,,,,,,,,,,,,,,,,,,,,,,,,,,,,,
,,,,,,,,,,,,,,,,,,,,,,,,,,,,,,,,
,,,,,,,,,,,,,,,,,,,,,,,,,,,,,,,,
,,,,,,,,,,,,,,,,,,,,,,,,,,,,,,,,
,,,,,,,,,,,,,,,,,,,,,,,,,,,,,,,,
,,,,,,,,,,,,,,,,,,,,,,,,,,,,,,,,
,,,,,,,,,,,,,,,,,,,,,,,,,,,,,,,,
,,,,,,,,,,,,,,,,,,,,,,,,,,,,,,,,
,,,,,,,,,,,,,,,,,,,,,,,,,,,,,,,,
,,,,,,,,,,,,,,,,,,,,,,,,,,,,,,,,
,,,,,,,,,,,,,,,,,,,,,,,,,,,,,,,,
,,,,,,,,,,,,,,,,,,,,,,,,,,,,,,,,
,,,,,,,,,,,,,,,,,,,,,,,,,,,,,,,,
,,,,,,,,,,,,,,,,,,,,,,,,,,,,,,,,
,,,,,,,,,,,,,,,,,,,,,,,,,,,,,,,,
,,,,,,,,,,,,,,,,,,,,,,,,,,,,,,,,
,,,,,,,,,,,,,,,,,,,,,,,,,,,,,,,,
,,,,,,,,,,,,,,,,,,,,,,,,,,,,,,,,
,,,,,,,,,,,,,,,,,,,,,,,,,,,,,,,,
,,,,,,,,,,,,,,,,,,,,,,,,,,,,,,,,
,,,,,,,,,,,,,,,,,,,,,,,,,,,,,,,,
,,,,,,,,,,,,,,,,,,,,,,,,,,,,,,,,
,,,,,,,,,,,,,,,,,,,,,,,,,,,,,,,,
,,,,,,,,,,,,,,,,,,,,,,,,,,,,,,,,
,,,,,,,,,,,,,,,,,,,,,,,,,,,,,,,,
,,,,,,,,,,,,,,,,,,,,,,,,,,,,,,,,
,,,,,,,,,,,,,,,,,,,,,,,,,,,,,,,,
,,,,,,,,,,,,,,,,,,,,,,,,,,,,,,,,
,,,,,,,,,,,,,,,,,,,,,,,,,,,,,,,,
,,,,,,,,,,,,,,,,,,,,,,,,,,,,,,,,
,,,,,,,,,,,,,,,,,,,,,,,,,,,,,,,,
,,,,,,,,,,,,,,,,,,,,,,,,,,,,,,,,
,,,,,,,,,,,,,,,,,,,,,,,,,,,,,,,,
,,,,,,,,,,,,,,,,,,,,,,,,,,,,,,,,
,,,,,,,,,,,,,,,,,,,,,,,,,,,,,,,,
,,,,,,,,,,,,,,,,,,,,,,,,,,,,,,,,
,,,,,,,,,,,,,,,,,,,,,,,,,,,,,,,,
,,,,,,,,,,,,,,,,,,,,,,,,,,,,,,,,
,,,,,,,,,,,,,,,,,,,,,,,,,,,,,,,,
,,,,,,,,,,,,,,,,,,,,,,,,,,,,,,,,
,,,,,,,,,,,,,,,,,,,,,,,,,,,,,,,,
,,,,,,,,,,,,,,,,,,,,,,,,,,,,,,,,
,,,,,,,,,,,,,,,,,,,,,,,,,,,,,,,,
,,,,,,,,,,,,,,,,,,,,,,,,,,,,,,,,
,,,,,,,,,,,,,,,,,,,,,,,,,,,,,,,,
,,,,,,,,,,,,,,,,,,,,,,,,,,,,,,,,
,,,,,,,,,,,,,,,,,,,,,,,,,,,,,,,,
,,,,,,,,,,,,,,,,,,,,,,,,,,,,,,,,
,,,,,,,,,,,,,,,,,,,,,,,,,,,,,,,,
,,,,,,,,,,,,,,,,,,,,,,,,,,,,,,,,
,,,,,,,,,,,,,,,,,,,,,,,,,,,,,,,,
,,,,,,,,,,,,,,,,,,,,,,,,,,,,,,,,
,,,,,,,,,,,,,,,,,,,,,,,,,,,,,,,,
,,,,,,,,,,,,,,,,,,,,,,,,,,,,,,,,
,,,,,,,,,,,,,,,,,,,,,,,,,,,,,,,,
,,,,,,,,,,,,,,,,,,,,,,,,,,,,,,,,
,,,,,,,,,,,,,,,,,,,,,,,,,,,,,,,,
,,,,,,,,,,,,,,,,,,,,,,,,,,,,,,,,
,,,,,,,,,,,,,,,,,,,,,,,,,,,,,,,,
,,,,,,,,,,,,,,,,,,,,,,,,,,,,,,,,
,,,,,,,,,,,,,,,,,,,,,,,,,,,,,,,,
,,,,,,,,,,,,,,,,,,,,,,,,,,,,,,,,
,,,,,,,,,,,,,,,,,,,,,,,,,,,,,,,,
,,,,,,,,,,,,,,,,,,,,,,,,,,,,,,,,
,,,,,,,,,,,,,,,,,,,,,,,,,,,,,,,,
,,,,,,,,,,,,,,,,,,,,,,,,,,,,,,,,
,,,,,,,,,,,,,,,,,,,,,,,,,,,,,,,,
,,,,,,,,,,,,,,,,,,,,,,,,,,,,,,,,
,,,,,,,,,,,,,,,,,,,,,,,,,,,,,,,,
,,,,,,,,,,,,,,,,,,,,,,,,,,,,,,,,
,,,,,,,,,,,,,,,,,,,,,,,,,,,,,,,,
,,,,,,,,,,,,,,,,,,,,,,,,,,,,,,,,
,,,,,,,,,,,,,,,,,,,,,,,,,,,,,,,,
,,,,,,,,,,,,,,,,,,,,,,,,,,,,,,,,
,,,,,,,,,,,,,,,,,,,,,,,,,,,,,,,,
,,,,,,,,,,,,,,,,,,,,,,,,,,,,,,,,
,,,,,,,,,,,,,,,,,,,,,,,,,,,,,,,,
,,,,,,,,,,,,,,,,,,,,,,,,,,,,,,,,
,,,,,,,,,,,,,,,,,,,,,,,,,,,,,,,,
,,,,,,,,,,,,,,,,,,,,,,,,,,,,,,,,
,,,,,,,,,,,,,,,,,,,,,,,,,,,,,,,,
,,,,,,,,,,,,,,,,,,,,,,,,,,,,,,,,
,,,,,,,,,,,,,,,,,,,,,,,,,,,,,,,,
,,,,,,,,,,,,,,,,,,,,,,,,,,,,,,,,
,,,,,,,,,,,,,,,,,,,,,,,,,,,,,,,,
,,,,,,,,,,,,,,,,,,,,,,,,,,,,,,,,
,,,,,,,,,,,,,,,,,,,,,,,,,,,,,,,,
,,,,,,,,,,,,,,,,,,,,,,,,,,,,,,,,
,,,,,,,,,,,,,,,,,,,,,,,,,,,,,,,,
,,,,,,,,,,,,,,,,,,,,,,,,,,,,,,,,
,,,,,,,,,,,,,,,,,,,,,,,,,,,,,,,,
,,,,,,,,,,,,,,,,,,,,,,,,,,,,,,,,
,,,,,,,,,,,,,,,,,,,,,,,,,,,,,,,,
